Financial Institution Name,2001Q1,2001Q2,2001Q3,2001Q4,2002Q1,2002Q2,2002Q3,2002Q4,2003Q1,2003Q2,2003Q3,2003Q4,2004Q1,2004Q2,2004Q3,2004Q4,2005Q1,2005Q2,2005Q3,2005Q4,2006Q1,2006Q2,2006Q3,2006Q4,2007Q1,2007Q2,2007Q3,2007Q4,2008Q1,2008Q2,2008Q3,2008Q4,2009Q1,2009Q2,2009Q3,2009Q4,2010Q1,2010Q2,2010Q3,2010Q4,2011Q1,2011Q2,2011Q3,2011Q4,2012Q1,2012Q2,2012Q3,2012Q4,2013Q1,2013Q2,2013Q3,2013Q4,2014Q1,2014Q2,2014Q3,2014Q4,2015Q1,2015Q2,2015Q3,2015Q4,2016Q1,2016Q2,2016Q3,2016Q4,2017Q1,2017Q2,2017Q3,2017Q4,2018Q1,2018Q2,2018Q3,2018Q4,2019Q1
1ST FINANCIAL BANK USA,0.0,0.0,0.0,0.0,0.0,0.0,0.0,0.0,0.0,0.0,0.0,0.0,0.0,0.0,0.0,0.0,0.0,0.0,0.0,0.0,0.0,0.0,0.0,0.0,0.0,0.0,0.0,0.0,0.0,0.0,0.0,0.0,0.0,0.0,0.0,0.0,0.0,0.0,0.0,0.0,0.0,0.0,0.0,0.0,0.0,0.0,0.0,0.0,0.0,0.0,0.0,0.0,0.0,0.0,0.0,0.0,0.0,0.0,0.0,0.0,0.0,0.0,0.453,0.521,0.487,0.394,0.366,0.366,0.336,0.301,0.259,0.0,0.0
ALLFIRST BANK,149.013,131.908,132.427,183.958,149.131,108.758,94.13,81.253,86.016,0.0,0.0,0.0,0.0,0.0,0.0,0.0,0.0,0.0,0.0,0.0,0.0,0.0,0.0,0.0,0.0,0.0,0.0,0.0,0.0,0.0,0.0,0.0,0.0,0.0,0.0,0.0,0.0,0.0,0.0,0.0,0.0,0.0,0.0,0.0,0.0,0.0,0.0,0.0,0.0,0.0,0.0,0.0,0.0,0.0,0.0,0.0,0.0,0.0,0.0,0.0,0.0,0.0,0.0,0.0,0.0,0.0,0.0,0.0,0.0,0.0,0.0,0.0,0.0
ALLY BANK,0.0,0.0,0.0,0.0,0.0,0.0,0.0,0.0,0.0,0.0,0.0,0.0,0.0,0.0,0.0,0.0,0.0,0.0,0.0,0.0,0.0,0.0,0.0,0.0,0.0,0.0,0.0,0.0,0.0,0.0,0.0,0.0,0.0,0.0,0.0,0.0,0.0,0.0,0.0,0.0,0.0,0.0,0.0,0.0,0.0,0.0,0.0,0.0,0.0,0.0,0.0,0.0,0.0,0.0,0.0,0.0,0.0,0.0,0.0,0.0,0.0,0.0,0.0,0.0,0.0,0.0,0.0,0.0,0.0,46.0,64.0,67.0,68.0
AMALGAMATED BANK,0.0,0.0,0.0,0.0,0.0,0.0,0.0,0.0,0.0,0.0,0.0,0.0,0.0,0.0,0.0,0.0,0.0,0.0,0.0,0.0,0.0,0.0,0.0,0.0,0.0,0.0,0.0,0.0,0.0,0.0,0.0,0.0,0.0,0.0,0.0,0.0,0.0,0.0,0.0,0.0,0.0,0.0,0.0,0.0,0.0,0.0,3.159,0.0,8.024,7.651,0.506,0.0,0.0,21.909,19.111,44.111,53.571,25.109,17.515,15.691,0.0,0.0,0.0,0.0,0.0,0.0,0.0,0.0,0.0,0.0,0.0,0.0,0.0
"AMEGY BANK, NATIONAL ASSOCIATION",0.0,0.0,0.0,0.0,0.0,0.0,0.0,0.0,0.0,0.0,0.0,0.0,0.0,0.0,0.0,0.0,36.118,37.196,40.936,43.677,52.645,65.762,60.827,84.124,78.423,71.909,54.359,56.662,49.221,53.893,48.09,48.686,47.299,64.29,87.199,85.542,80.251,66.357,65.294,82.596,81.951,79.532,61.269,72.692,70.99,74.642,68.312,77.424,71.223,71.789,70.937,71.216,74.825,77.217,60.436,47.982,46.942,48.531,42.281,0.0,0.0,0.0,0.0,0.0,0.0,0.0,0.0,0.0,0.0,0.0,0.0,0.0,0.0
AMERICAN EXPRESS CENTURION BANK,0.012,0.016,0.012,0.011,0.021,0.022,0.016,0.013,0.017,0.014,0.015,0.013,0.019,0.014,0.0,0.0,0.0,0.0,0.0,0.0,0.0,0.0,0.0,0.0,0.0,0.0,0.0,0.0,0.0,0.0,0.0,0.0,0.0,0.0,0.0,0.0,0.0,0.0,0.0,0.0,0.0,0.0,0.0,0.0,0.0,0.0,0.0,0.0,0.0,0.0,0.0,0.0,0.0,0.0,0.0,0.0,0.0,0.0,0.0,0.0,0.0,0.0,0.0,0.0,0.0,0.0,0.0,0.0,0.0,0.0,0.0,0.0,0.0
AMERICAN NATIONAL BANK AND TRUST COMPANY OF CHICAGO,147.942,144.968,131.878,140.272,0.0,0.0,0.0,0.0,0.0,0.0,0.0,0.0,0.0,0.0,0.0,0.0,0.0,0.0,0.0,0.0,0.0,0.0,0.0,0.0,0.0,0.0,0.0,0.0,0.0,0.0,0.0,0.0,0.0,0.0,0.0,0.0,0.0,0.0,0.0,0.0,0.0,0.0,0.0,0.0,0.0,0.0,0.0,0.0,0.0,0.0,0.0,0.0,0.0,0.0,0.0,0.0,0.0,0.0,0.0,0.0,0.0,0.0,0.0,0.0,0.0,0.0,0.0,0.0,0.0,0.0,0.0,0.0,0.0
AMSOUTH BANK,116.404,106.037,120.367,123.661,119.42,112.245,123.335,78.36,70.434,62.848,60.364,73.617,91.501,89.169,114.696,147.978,143.269,140.71,95.017,103.193,108.716,105.503,115.247,0.0,0.0,0.0,0.0,0.0,0.0,0.0,0.0,0.0,0.0,0.0,0.0,0.0,0.0,0.0,0.0,0.0,0.0,0.0,0.0,0.0,0.0,0.0,0.0,0.0,0.0,0.0,0.0,0.0,0.0,0.0,0.0,0.0,0.0,0.0,0.0,0.0,0.0,0.0,0.0,0.0,0.0,0.0,0.0,0.0,0.0,0.0,0.0,0.0,0.0
ARVEST BANK,0.06,0.06,0.06,0.045,0.045,8.343,7.971,10.075,10.89,11.025,14.717,15.837,12.017,10.675,10.155,15.115,0.0,0.0,0.0,0.0,0.0,0.0,0.0,0.0,0.0,0.0,0.0,0.0,0.0,0.0,0.0,0.0,0.0,0.0,0.0,0.0,0.0,0.0,0.0,0.0,0.0,0.0,0.0,0.0,0.0,0.0,0.0,0.0,0.0,0.0,0.0,0.0,0.0,0.0,0.0,0.0,0.0,0.0,0.0,0.0,0.0,0.0,0.0,0.0,0.0,0.0,0.0,0.0,0.0,0.0,0.0,0.0,0.0
"ASSOCIATED BANK, NATIONAL ASSOCIATION",0.0,0.0,0.0,0.0,0.0,0.0,0.0,0.0,0.0,0.0,0.0,0.0,0.0,0.0,0.0,0.0,0.0,0.0,0.0,0.0,0.0,0.0,0.0,0.0,0.0,0.0,0.0,0.0,0.0,0.0,0.0,0.0,0.0,0.0,0.0,193.799,193.67,195.718,196.753,196.305,195.008,214.139,220.718,233.854,231.52,247.651,243.798,233.324,0.0,0.0,0.0,0.0,0.0,0.0,231.376,227.552,220.6,215.649,203.205,234.434,230.434,225.559,225.647,228.694,227.011,246.389,214.046,215.026,201.795,188.667,184.366,159.73,144.758
BANCO POPULAR DE PUERTO RICO,233.0,243.0,230.0,379.0,371.0,367.0,391.0,400.0,417.0,408.0,90.0,101.0,103.0,87.0,83.0,135.0,138.0,131.0,161.0,326.0,325.0,267.0,387.0,499.0,470.0,446.0,552.0,574.0,552.0,502.0,561.0,504.0,505.0,481.0,663.0,611.0,637.0,535.0,716.0,875.0,894.0,489.0,505.0,576.0,649.0,457.0,463.0,642.0,614.0,641.0,700.0,841.0,829.0,626.0,663.0,752.0,759.0,623.0,595.0,576.0,201.0,200.0,196.0,207.0,195.0,194.0,198.0,196.0,194.0,193.0,178.0,178.0,177.0
BANCO POPULAR NORTH AMERICA,8.884,9.731,12.338,11.666,11.293,14.581,13.786,13.559,7.342,8.872,16.182,16.909,17.058,16.825,16.855,10.397,15.027,14.583,14.151,13.407,14.544,14.085,14.045,11.992,9.8,9.584,9.39,8.734,8.587,4.62,4.393,2.695,2.672,2.65,2.446,1.807,1.784,0.0,0.0,0.0,0.0,0.0,0.0,0.0,0.0,0.0,0.0,0.0,0.0,0.0,0.0,0.0,0.0,0.0,0.0,0.0,0.0,0.0,0.0,0.0,0.0,0.0,0.0,0.0,0.0,0.0,0.0,0.0,0.0,0.0,0.0,0.0,0.0
"BANCO POPULAR, NATIONAL ASSOCIATION",0.0,0.0,0.0,0.0,0.0,0.0,0.0,0.0,0.0,0.0,0.0,0.0,0.0,0.0,0.0,0.0,0.0,0.0,0.0,0.0,0.0,0.0,0.0,0.0,0.0,0.0,0.0,0.0,0.0,0.007,0.0,0.0,0.0,0.0,0.0,0.0,0.0,0.0,0.0,0.0,0.0,0.0,0.0,0.0,0.0,0.0,0.0,0.0,0.0,0.0,0.0,0.0,0.0,0.0,0.0,0.0,0.0,0.0,0.0,0.0,0.0,0.0,0.0,0.0,0.0,0.0,0.0,0.0,0.0,0.0,0.0,0.0,0.0
BANCO SANTANDER PUERTO RICO,39.913,39.9,21.0,31.502,21.049,21.052,21.01,21.0,21.165,21.009,52.525,52.551,52.503,52.5,52.5,52.519,52.504,0.0,0.0,0.0,0.0,0.0,0.0,0.0,0.0,0.0,0.0,0.0,0.0,0.0,0.0,0.0,0.0,0.0,0.0,0.0,0.0,0.0,0.0,0.0,0.0,0.0,0.0,0.0,0.0,0.0,0.0,0.0,0.0,0.0,0.0,0.0,0.0,0.0,0.0,0.0,0.0,0.0,0.0,0.0,0.0,0.0,0.0,0.0,0.0,0.0,0.0,0.0,0.0,0.0,0.0,0.0,0.0
BANCORPSOUTH BANK,0.0,0.0,0.0,0.0,0.0,0.0,0.0,0.0,0.0,0.0,0.0,0.0,0.0,0.0,0.0,0.0,0.0,0.0,0.0,0.0,0.0,0.0,0.0,0.0,0.0,0.0,0.0,0.0,0.0,0.0,0.0,0.0,0.0,31.639,26.02,30.491,28.602,26.866,28.238,28.303,18.406,19.883,19.253,24.555,0.0,0.0,0.0,0.0,0.0,0.0,0.0,0.0,0.0,0.0,0.0,0.0,0.0,0.0,0.0,0.0,0.0,0.0,0.0,0.0,0.0,0.0,0.0,0.0,0.0,0.0,0.0,0.0,0.0
"BANK CALUMET, NATIONAL ASSOCIATION",0.0,0.0,0.0,0.0,0.0,0.0,0.0,0.0,0.0,0.0,0.0,0.0,0.0,0.0,0.0,0.0,0.0,8.753,8.479,8.718,8.617,0.0,0.0,0.0,0.0,0.0,0.0,0.0,0.0,0.0,0.0,0.0,0.0,0.0,0.0,0.0,0.0,0.0,0.0,0.0,0.0,0.0,0.0,0.0,0.0,0.0,0.0,0.0,0.0,0.0,0.0,0.0,0.0,0.0,0.0,0.0,0.0,0.0,0.0,0.0,0.0,0.0,0.0,0.0,0.0,0.0,0.0,0.0,0.0,0.0,0.0,0.0,0.0
"BANK OF AMERICA, NATIONAL ASSOCIATION",3772.0,3606.0,4037.0,3875.0,2427.0,2267.0,2278.0,2476.0,2834.0,3254.0,3693.293,4533.652,4502.072,4501.974,5193.569,5454.69,5184.792,5666.214,6588.303,6995.549,7111.572,7675.367,8441.266,8898.138,9184.809,9174.357,9634.391,10099.983,11033.974,11949.274,14543.529,15169.659,14527.67,14796.012,14865.389,15230.54,15034.256,14665.933,14254.507,14804.006,14936.854,15128.66,15001.044,15232.217,14737.095,14110.017,14585.141,15175.355,13830.0,13529.0,13801.0,14398.0,13972.0,13253.0,13521.0,13204.0,12916.0,12616.0,13046.0,14662.0,14911.0,18738.0,19008.0,19254.0,19411.0,19165.0,19358.0,19710.0,19806.0,18994.0,18882.0,21050.0,20346.0
BANK OF GUAM,14.1,11.885,16.982,0.0,0.0,0.0,10.0,10.0,20.0,17.5,14.159,11.658,9.158,9.158,8.25,8.25,8.25,8.25,7.365,7.365,7.365,7.365,10.399,10.419,16.419,16.419,9.679,9.679,10.177,10.177,0.0,0.0,0.0,0.0,33.003,32.747,32.274,61.3,58.568,56.904,67.215,56.42,48.487,46.598,44.676,42.739,39.855,38.873,37.877,36.898,35.893,34.869,52.331,50.901,49.388,47.91,47.41,46.445,46.961,47.059,47.129,46.72,26.94,30.283,29.263,28.364,27.156,25.931,24.688,23.442,15.112,14.128,13.137
BANK OF HAWAII,13.5,13.5,13.5,0.0,0.0,0.0,0.0,0.0,0.0,0.0,0.0,0.0,0.0,0.0,0.0,0.0,0.0,0.0,0.0,0.0,0.0,0.0,0.0,0.0,0.0,0.0,0.0,0.0,0.0,0.056,0.05,0.044,0.036,0.029,0.023,0.018,0.009,0.0,0.0,0.0,0.0,0.0,0.0,0.0,0.0,0.0,0.0,0.0,0.0,1.605,1.605,4.29,5.925,5.925,6.648,6.648,7.514,7.514,10.196,10.196,10.196,10.196,10.196,10.196,10.196,10.196,9.815,9.135,9.135,8.731,7.953,7.517,7.113
"BANK OF NEW YORK MELLON, THE",0.0,0.0,0.0,0.0,0.0,0.0,0.0,0.0,0.0,0.0,0.0,0.0,0.0,0.0,0.0,0.0,0.0,0.0,0.0,0.0,0.0,0.0,0.0,0.0,0.0,0.0,0.0,0.0,0.0,0.0,8.0,3.0,59.0,83.0,77.0,85.0,90.0,142.0,28.0,45.0,26.0,28.0,46.0,33.0,23.0,61.0,61.0,72.0,101.0,74.0,62.0,62.0,78.0,99.0,82.0,99.0,73.0,78.0,99.0,65.0,74.0,69.0,76.0,59.0,64.0,186.0,95.0,89.0,496.0,106.0,115.0,173.0,109.0
"BANK OF NEW YORK, THE",0.0,0.0,0.0,0.0,0.0,0.0,0.0,0.0,0.0,0.0,0.041,0.126,0.0,0.152,0.0,0.0,0.0,0.0,0.0,0.0,0.0,0.0,0.0,2.0,0.0,0.0,0.0,0.0,0.0,56.0,0.0,0.0,0.0,0.0,0.0,0.0,0.0,0.0,0.0,0.0,0.0,0.0,0.0,0.0,0.0,0.0,0.0,0.0,0.0,0.0,0.0,0.0,0.0,0.0,0.0,0.0,0.0,0.0,0.0,0.0,0.0,0.0,0.0,0.0,0.0,0.0,0.0,0.0,0.0,0.0,0.0,0.0,0.0
"BANK OF OKLAHOMA, NATIONAL ASSOCIATION",0.0,0.0,0.0,0.0,0.0,0.0,0.0,0.0,0.0,17.833,20.374,19.873,20.557,33.514,34.692,33.473,33.82,31.753,30.773,33.192,25.309,40.142,32.04,33.117,31.931,28.544,30.056,28.793,27.252,25.563,24.506,23.203,17.716,22.632,42.331,63.432,94.274,92.904,116.184,144.354,0.0,0.0,0.0,0.0,0.0,0.0,0.0,0.0,0.0,0.0,0.0,0.0,0.0,0.0,0.0,0.0,0.0,0.0,0.0,0.0,0.0,0.0,0.0,0.0,0.0,0.0,0.0,0.0,0.0,0.0,0.0,0.0,0.0
BANK OF THE WEST,0.0,0.0,0.0,0.0,0.0,23.948,28.737,31.337,23.088,28.272,24.717,21.722,21.439,24.964,22.585,23.745,30.067,28.659,49.535,51.183,56.797,40.456,40.548,42.984,41.901,52.383,51.318,56.965,53.175,47.602,54.739,58.622,57.173,48.509,52.325,50.15,43.304,38.893,36.864,37.779,37.613,35.733,32.637,29.448,43.9,46.869,50.329,50.529,49.671,47.875,54.218,67.245,61.128,45.289,64.935,80.623,109.866,111.573,128.419,172.052,167.931,167.599,177.489,113.242,139.112,136.653,211.308,184.012,182.263,187.742,153.106,149.014,151.763
BANK OF TOKYO-MITSUBISHI TRUST COMPANY,0.0,0.0,0.0,0.0,0.0,0.0,0.0,0.0,0.0,0.0,0.0,0.0,0.0,0.0,0.0,0.0,0.0,45.199,45.726,46.254,0.0,0.0,0.0,0.0,0.0,0.0,0.0,0.0,0.0,0.0,0.0,0.0,0.0,0.0,0.0,0.0,0.0,0.0,0.0,0.0,0.0,0.0,0.0,0.0,0.0,0.0,0.0,0.0,0.0,0.0,0.0,0.0,0.0,0.0,0.0,0.0,0.0,0.0,0.0,0.0,0.0,0.0,0.0,0.0,0.0,0.0,0.0,0.0,0.0,0.0,0.0,0.0,0.0
BANK OF TOKYO-MITSUBISHI UFJ TRUST COMPANY,0.0,0.0,0.0,0.0,0.0,0.0,0.0,0.0,0.0,0.0,0.0,0.0,0.0,0.0,0.0,0.0,0.0,0.0,0.0,0.0,46.792,47.332,47.882,48.435,48.998,49.563,50.139,50.921,51.509,52.099,52.701,53.305,53.921,54.539,55.169,55.801,56.446,57.093,57.753,58.415,59.09,59.767,60.458,59.868,0.0,0.0,0.0,0.0,0.0,0.0,0.0,0.0,0.0,0.0,0.0,0.0,0.0,0.0,0.0,0.0,0.0,0.0,0.0,0.0,0.0,0.0,0.0,0.0,0.0,0.0,0.0,0.0,0.0
"BANK ONE, INDIANA, NATIONAL ASSOCIATION",23.118,25.111,17.585,29.367,17.195,16.222,0.0,0.0,0.0,0.0,0.0,0.0,0.0,0.0,0.0,0.0,0.0,0.0,0.0,0.0,0.0,0.0,0.0,0.0,0.0,0.0,0.0,0.0,0.0,0.0,0.0,0.0,0.0,0.0,0.0,0.0,0.0,0.0,0.0,0.0,0.0,0.0,0.0,0.0,0.0,0.0,0.0,0.0,0.0,0.0,0.0,0.0,0.0,0.0,0.0,0.0,0.0,0.0,0.0,0.0,0.0,0.0,0.0,0.0,0.0,0.0,0.0,0.0,0.0,0.0,0.0,0.0,0.0
"BANK ONE, NATIONAL ASSOCIATION",302.8,316.025,306.843,404.064,436.0,458.0,629.0,661.0,657.0,649.0,729.0,773.0,815.0,1069.0,1179.0,0.0,0.0,0.0,0.0,0.0,0.0,0.0,0.0,0.0,0.0,0.0,0.0,0.0,0.0,0.0,0.0,0.0,0.0,0.0,0.0,0.0,0.0,0.0,0.0,0.0,0.0,0.0,0.0,0.0,0.0,0.0,0.0,0.0,0.0,0.0,0.0,0.0,0.0,0.0,0.0,0.0,0.0,0.0,0.0,0.0,0.0,0.0,0.0,0.0,0.0,0.0,0.0,0.0,0.0,0.0,0.0,0.0,0.0
BMO HARRIS BANK NATIONAL ASSOCIATION,0.0,0.0,0.0,0.0,0.0,0.0,0.0,0.0,0.0,0.0,0.0,0.0,0.0,0.0,0.0,0.0,0.0,0.0,0.0,0.0,0.0,0.0,0.0,0.0,0.0,0.0,0.0,0.0,0.0,0.0,0.0,0.0,0.0,0.0,0.0,0.0,0.0,0.0,0.0,0.0,0.0,0.0,190.747,221.646,204.692,254.144,321.355,449.67,521.188,528.829,609.99,662.951,864.383,795.253,896.469,1177.665,1266.112,1393.833,1315.923,1694.295,1755.68,1647.786,1711.56,1812.51,1901.92,2071.778,2231.557,2620.572,2607.232,2578.387,2551.515,2637.368,2582.858
"BNY MELLON, NATIONAL ASSOCIATION",0.0,0.0,0.0,0.0,0.0,0.0,0.0,0.0,0.0,0.0,0.0,0.0,0.0,0.0,0.0,0.0,0.0,0.0,0.0,0.0,0.0,0.0,0.0,0.0,0.0,0.0,0.0,0.0,0.0,0.0,0.0,0.0,0.0,0.0,0.1,0.1,0.1,7.91,8.03,28.37,0.0,0.0,0.0,0.0,0.0,0.0,0.0,0.0,0.0,0.0,0.0,0.0,0.0,0.0,0.0,0.0,0.0,0.0,0.0,0.0,0.0,0.0,0.0,0.0,0.0,0.0,0.0,0.0,0.0,0.0,0.0,0.0,0.0
"BOKF, NATIONAL ASSOCIATION",0.0,0.0,0.0,0.0,0.0,0.0,0.0,0.0,0.0,0.0,0.0,0.0,0.0,0.0,0.0,0.0,0.0,0.0,0.0,0.0,0.0,0.0,0.0,0.0,0.0,0.0,0.0,0.0,0.0,0.0,0.0,0.0,0.0,0.0,0.0,0.0,0.0,0.0,0.0,0.0,260.752,276.294,365.31,279.479,299.592,350.586,401.427,504.609,528.644,533.798,563.167,627.472,617.99,692.769,725.545,747.765,0.0,0.0,0.0,0.0,0.0,0.0,0.0,0.0,0.0,0.0,0.0,0.0,0.0,0.0,0.0,0.0,0.0
BRANCH BANKING AND TRUST COMPANY,97.903,101.259,102.099,99.632,89.768,86.33,98.842,91.951,86.269,73.167,67.887,66.424,68.946,75.831,78.476,80.769,70.693,67.469,63.805,58.755,57.403,52.838,1155.128,992.874,1199.301,1244.119,1316.453,1442.622,1647.801,1990.629,2125.071,2379.248,2589.742,2849.273,2987.659,3010.537,3102.85,3089.094,3220.216,3612.84,3682.667,3729.166,3828.262,3797.274,3815.383,3802.358,3688.452,3701.245,3743.736,3740.383,4038.695,4063.012,4183.845,4144.647,4154.274,4361.587,4482.768,4663.396,5380.354,4918.776,4984.028,5188.086,5323.255,5305.703,5429.143,5786.0,5934.0,6135.0,6156.0,6087.0,5961.0,5938.0,5847.0
BRANCH BANKING AND TRUST COMPANY OF SOUTH CAROLINA,6.585,6.55,5.401,5.41,5.289,5.149,4.931,4.892,0.0,0.0,0.0,0.0,0.0,0.0,0.0,0.0,0.0,0.0,0.0,0.0,0.0,0.0,0.0,0.0,0.0,0.0,0.0,0.0,0.0,0.0,0.0,0.0,0.0,0.0,0.0,0.0,0.0,0.0,0.0,0.0,0.0,0.0,0.0,0.0,0.0,0.0,0.0,0.0,0.0,0.0,0.0,0.0,0.0,0.0,0.0,0.0,0.0,0.0,0.0,0.0,0.0,0.0,0.0,0.0,0.0,0.0,0.0,0.0,0.0,0.0,0.0,0.0,0.0
BRANCH BANKING AND TRUST COMPANY OF VIRGINIA,11.934,11.583,10.716,10.384,29.413,28.615,27.39,28.398,0.0,0.0,0.0,0.0,0.0,0.0,0.0,0.0,0.0,0.0,0.0,0.0,0.0,0.0,0.0,0.0,0.0,0.0,0.0,0.0,0.0,0.0,0.0,0.0,0.0,0.0,0.0,0.0,0.0,0.0,0.0,0.0,0.0,0.0,0.0,0.0,0.0,0.0,0.0,0.0,0.0,0.0,0.0,0.0,0.0,0.0,0.0,0.0,0.0,0.0,0.0,0.0,0.0,0.0,0.0,0.0,0.0,0.0,0.0,0.0,0.0,0.0,0.0,0.0,0.0
CALIFORNIA BANK & TRUST,6.217,6.212,6.159,6.124,6.175,6.167,6.11,6.067,5.896,5.893,5.854,5.816,5.762,5.671,5.595,5.534,7.911,7.813,7.686,7.564,7.585,7.473,7.323,7.191,7.097,7.069,6.912,9.499,11.459,12.458,20.882,18.275,31.298,41.355,16.532,35.256,30.564,30.36,35.056,35.321,40.148,44.052,54.188,56.003,0.0,0.0,0.0,0.0,0.0,0.0,0.0,0.0,0.0,0.0,0.0,0.0,0.0,0.0,0.0,0.0,0.0,0.0,0.0,0.0,0.0,0.0,0.0,0.0,0.0,0.0,0.0,0.0,0.0
"CAPITAL ONE, NATIONAL ASSOCIATION",0.0,0.0,0.0,0.0,0.0,0.0,0.0,0.0,0.0,0.0,0.0,0.0,0.0,0.0,0.0,0.0,0.0,0.0,0.0,0.0,0.0,253.783,268.353,296.24,210.29,210.166,807.907,874.356,792.897,864.704,974.794,1111.549,1044.282,1027.609,1060.249,1086.284,1010.576,1152.252,1150.868,1256.304,1236.753,1363.239,1360.131,1557.372,1553.786,1557.547,1676.596,1925.297,2098.428,2471.286,4366.521,4452.726,4439.836,4508.225,4930.483,5188.711,5009.82,5213.529,5118.725,5181.026,5379.49,5423.862,5392.011,5559.927,5472.97,5446.74,5357.526,5584.875,5590.145,5562.77,5385.509,5438.416,5581.46
CAROLINA FIRST BANK,6.302,4.023,3.319,3.071,2.933,3.113,3.301,3.537,2.691,2.002,1.653,4.496,4.664,4.775,4.717,4.742,4.581,3.128,3.27,3.133,3.246,3.012,2.845,2.755,2.618,0.895,11.527,23.452,22.367,21.155,28.344,27.736,36.919,24.577,24.215,23.878,22.85,21.022,0.0,0.0,0.0,0.0,0.0,0.0,0.0,0.0,0.0,0.0,0.0,0.0,0.0,0.0,0.0,0.0,0.0,0.0,0.0,0.0,0.0,0.0,0.0,0.0,0.0,0.0,0.0,0.0,0.0,0.0,0.0,0.0,0.0,0.0,0.0
CENTIER BANK,0.0,0.0,0.0,0.0,0.0,6.53,6.313,6.058,5.763,5.593,5.368,5.227,4.978,4.803,4.661,5.264,6.465,6.389,6.466,6.426,13.067,8.703,6.022,5.845,5.912,0.01,0.042,0.691,1.158,1.453,2.243,2.208,2.203,2.159,1.987,2.416,2.494,2.256,2.02,1.581,1.672,1.449,1.127,1.017,0.776,0.73,1.037,1.346,0.953,0.942,0.866,0.821,0.0,0.0,0.0,0.0,0.0,0.0,0.0,0.0,0.0,0.0,0.0,0.0,0.0,0.0,0.0,0.0,0.0,0.0,0.0,0.0,0.0
CENTURA BANK,38.34,36.343,33.48,0.0,0.0,0.0,0.0,0.0,0.0,0.0,0.0,0.0,0.0,0.0,0.0,0.0,0.0,0.0,0.0,0.0,0.0,0.0,0.0,0.0,0.0,0.0,0.0,0.0,0.0,0.0,0.0,0.0,0.0,0.0,0.0,0.0,0.0,0.0,0.0,0.0,0.0,0.0,0.0,0.0,0.0,0.0,0.0,0.0,0.0,0.0,0.0,0.0,0.0,0.0,0.0,0.0,0.0,0.0,0.0,0.0,0.0,0.0,0.0,0.0,0.0,0.0,0.0,0.0,0.0,0.0,0.0,0.0,0.0
"CHARTER ONE BANK, NATIONAL ASSOCIATION",0.0,0.0,0.0,0.0,0.0,0.0,0.0,0.0,0.0,0.0,0.0,0.0,0.0,0.0,0.0,0.0,0.0,0.0,0.0,1.45,1.458,1.449,1.622,1.541,1.328,1.314,0.0,0.0,0.0,0.0,0.0,0.0,0.0,0.0,0.0,0.0,0.0,0.0,0.0,0.0,0.0,0.0,0.0,0.0,0.0,0.0,0.0,0.0,0.0,0.0,0.0,0.0,0.0,0.0,0.0,0.0,0.0,0.0,0.0,0.0,0.0,0.0,0.0,0.0,0.0,0.0,0.0,0.0,0.0,0.0,0.0,0.0,0.0
"CHASE BANK USA, NATIONAL ASSOCIATION",0.0,0.0,0.0,0.0,0.0,0.0,0.0,0.0,0.0,0.0,0.0,0.0,0.0,0.0,0.0,0.0,0.0,0.0,0.0,0.0,0.0,0.0,0.0,0.0,0.0,0.0,0.0,0.0,0.0,0.0,0.0,0.0,0.0,0.0,0.0,0.0,0.0,0.0,0.0,0.0,0.0,0.0,0.0,0.0,0.0,0.0,0.0,0.0,0.0,0.0,0.0,0.0,0.0,0.0,0.0,0.0,0.0,0.0,0.0,0.0,0.0,0.0,0.0,0.0,0.0,0.0,0.0,0.0,0.0,22.789,23.583,21.687,22.305
"CHASE MANHATTAN BANK, THE",31.0,43.0,25.0,0.0,0.0,0.0,0.0,0.0,0.0,0.0,0.0,0.0,0.0,0.0,0.0,0.0,0.0,0.0,0.0,0.0,0.0,0.0,0.0,0.0,0.0,0.0,0.0,0.0,0.0,0.0,0.0,0.0,0.0,0.0,0.0,0.0,0.0,0.0,0.0,0.0,0.0,0.0,0.0,0.0,0.0,0.0,0.0,0.0,0.0,0.0,0.0,0.0,0.0,0.0,0.0,0.0,0.0,0.0,0.0,0.0,0.0,0.0,0.0,0.0,0.0,0.0,0.0,0.0,0.0,0.0,0.0,0.0,0.0
CHITTENDEN TRUST COMPANY,0.0,0.0,0.0,0.0,0.0,0.0,0.0,0.0,0.0,0.0,0.0,0.0,0.0,0.0,0.0,0.0,0.0,0.0,125.973,133.646,142.109,68.394,119.572,120.193,131.624,82.633,122.371,125.564,0.0,0.0,0.0,0.0,0.0,0.0,0.0,0.0,0.0,0.0,0.0,0.0,0.0,0.0,0.0,0.0,0.0,0.0,0.0,0.0,0.0,0.0,0.0,0.0,0.0,0.0,0.0,0.0,0.0,0.0,0.0,0.0,0.0,0.0,0.0,0.0,0.0,0.0,0.0,0.0,0.0,0.0,0.0,0.0,0.0
"CITIBANK, N.A.",232.0,363.0,319.0,324.0,441.0,400.0,453.0,546.0,378.0,216.0,206.0,239.0,307.0,274.0,332.0,396.0,430.0,188.0,239.0,306.0,338.0,200.0,204.0,1538.0,1246.0,1376.0,1439.0,1642.0,1827.0,1809.0,1790.0,1755.0,1822.0,1645.0,1507.0,1441.0,1308.0,374.0,312.0,312.0,271.0,66.0,142.0,377.0,2541.0,1205.0,4463.0,973.0,1382.0,1707.0,1690.0,379.0,410.0,462.0,526.0,602.0,622.0,664.0,861.0,894.0,1045.0,1203.0,1101.0,1118.0,1154.0,1086.0,968.0,842.0,1012.0,938.0,893.0,1057.0,988.0
CITIZENS BANK OF MASSACHUSETTS,7.293,5.911,7.004,5.112,5.327,2.772,2.927,2.745,1.271,2.445,3.031,3.185,1.561,1.849,1.558,35.647,2.775,6.314,5.74,9.921,6.29,16.483,19.055,15.721,21.192,35.257,0.0,0.0,0.0,0.0,0.0,0.0,0.0,0.0,0.0,0.0,0.0,0.0,0.0,0.0,0.0,0.0,0.0,0.0,0.0,0.0,0.0,0.0,0.0,0.0,0.0,0.0,0.0,0.0,0.0,0.0,0.0,0.0,0.0,0.0,0.0,0.0,0.0,0.0,0.0,0.0,0.0,0.0,0.0,0.0,0.0,0.0,0.0
CITIZENS BANK OF PENNSYLVANIA,0.0,0.0,0.0,0.0,0.0,0.0,0.0,0.0,0.0,0.0,0.0,0.0,0.0,0.0,0.0,0.0,0.0,0.0,0.0,73.702,77.656,70.889,73.856,69.737,62.327,57.558,51.155,50.111,53.908,52.451,57.371,57.168,100.741,33.323,56.328,31.123,35.423,28.978,50.455,28.624,24.605,17.848,19.188,16.565,16.076,14.242,11.969,11.488,8.44,3.811,3.542,3.481,3.111,2.692,2.448,2.231,2.065,1.894,1.685,0.788,7.697,7.589,7.481,7.359,7.2,7.034,0.353,0.276,0.243,0.205,0.167,0.067,0.0
"CITIZENS BANK, NATIONAL ASSOCIATION",0.0,0.0,0.0,0.0,0.0,0.0,0.0,0.0,0.0,0.0,0.0,0.0,0.0,0.0,0.0,0.0,0.0,0.0,0.0,0.0,26.703,16.87,43.244,42.155,37.667,21.01,0.0,0.0,0.0,0.0,0.0,0.0,0.0,0.0,0.0,0.0,0.0,0.0,0.0,0.0,0.0,0.0,0.0,0.0,0.0,0.0,0.0,0.0,0.0,0.0,0.0,0.0,0.0,28.384,29.91,37.648,11.685,10.82,9.445,6.649,5.866,6.14,5.349,4.779,4.485,4.057,6.248,5.608,5.089,4.383,3.197,3.852,2.508
CITIZENS FINANCIAL BANK,0.0,0.0,0.0,0.0,0.0,0.0,0.0,0.0,0.0,0.0,0.0,0.0,0.0,0.0,0.0,0.0,0.0,0.0,0.0,0.0,0.0,0.0,0.0,0.0,0.0,0.0,0.0,0.0,0.0,0.0,0.0,0.0,0.0,0.0,0.0,0.0,0.0,0.0,0.0,0.0,0.0,0.0,0.0,0.0,0.0,0.0,0.376,0.369,0.0,0.0,0.0,0.0,0.0,0.0,0.0,0.0,0.0,0.0,0.0,0.0,0.0,0.0,0.0,0.0,0.0,0.0,0.0,0.0,0.0,0.0,0.0,0.0,0.0
CITY NATIONAL BANK,0.0,0.0,0.0,0.0,0.0,0.0,0.0,0.0,0.0,0.0,0.0,0.0,0.0,0.0,0.0,0.0,47.464,45.664,44.773,49.22,48.172,46.127,43.479,42.963,41.802,40.638,32.457,32.076,31.599,30.387,27.987,27.636,30.283,29.414,27.475,26.463,29.265,36.251,45.293,45.293,45.275,43.091,40.531,40.129,38.911,36.119,32.763,35.264,34.955,33.925,35.482,40.884,207.466,224.432,318.116,365.362,382.268,390.896,443.423,469.254,486.27,487.621,489.07,484.424,491.564,489.782,520.774,644.669,645.137,646.723,667.282,671.706,683.405
COBIZ BANK,0.0,0.0,0.0,0.0,0.0,0.0,0.0,0.0,0.0,0.0,0.0,0.0,0.0,0.0,0.0,0.0,0.0,0.0,0.0,0.0,0.0,0.0,0.0,0.0,0.0,0.0,5.709,6.257,6.997,6.626,6.971,6.554,6.54,6.24,6.233,5.901,5.89,5.456,5.943,5.454,5.455,6.386,9.487,12.321,0.0,0.0,0.0,0.0,0.0,0.0,0.0,0.0,0.0,0.0,0.0,0.0,0.0,0.0,0.0,0.0,0.0,0.0,0.0,0.0,0.0,0.0,0.0,0.0,0.0,0.0,0.0,0.0,0.0
COLONIAL BANK,22.126,21.48,17.605,17.175,15.158,18.562,17.966,14.468,11.798,11.341,0.0,0.0,0.0,0.0,0.0,0.0,0.0,0.0,0.0,0.0,0.0,0.0,0.0,0.0,0.0,0.0,0.0,0.0,0.0,7.045,5.828,5.703,23.246,22.547,0.0,0.0,0.0,0.0,0.0,0.0,0.0,0.0,0.0,0.0,0.0,0.0,0.0,0.0,0.0,0.0,0.0,0.0,0.0,0.0,0.0,0.0,0.0,0.0,0.0,0.0,0.0,0.0,0.0,0.0,0.0,0.0,0.0,0.0,0.0,0.0,0.0,0.0,0.0
"COLONIAL BANK, NATIONAL ASSOCIATION",0.0,0.0,0.0,0.0,0.0,0.0,0.0,0.0,0.0,0.0,8.563,8.542,19.74,19.887,21.697,23.146,15.275,14.104,12.95,7.621,6.042,14.032,14.743,10.217,9.765,9.068,8.914,11.815,6.138,0.0,0.0,0.0,0.0,0.0,0.0,0.0,0.0,0.0,0.0,0.0,0.0,0.0,0.0,0.0,0.0,0.0,0.0,0.0,0.0,0.0,0.0,0.0,0.0,0.0,0.0,0.0,0.0,0.0,0.0,0.0,0.0,0.0,0.0,0.0,0.0,0.0,0.0,0.0,0.0,0.0,0.0,0.0,0.0
COLUMBUS BANK AND TRUST COMPANY,0.0,0.0,0.0,0.0,0.0,12.797,11.862,12.185,11.391,11.798,10.509,10.313,10.107,10.243,9.694,9.481,9.261,8.36,8.144,7.953,7.878,7.815,7.751,7.692,7.634,7.576,7.517,12.655,12.59,12.523,12.454,66.712,66.362,67.387,66.655,65.921,65.186,0.0,0.0,0.0,0.0,0.0,0.0,0.0,0.0,0.0,0.0,0.0,0.0,0.0,0.0,0.0,0.0,0.0,0.0,0.0,0.0,0.0,0.0,0.0,0.0,0.0,0.0,0.0,0.0,0.0,0.0,0.0,0.0,0.0,0.0,0.0,0.0
COMERICA BANK,26.016,25.588,29.855,29.824,29.119,36.018,36.428,40.018,39.354,47.247,44.566,43.214,44.39,43.474,45.929,59.483,57.808,84.524,77.705,75.541,66.596,75.789,62.869,67.326,71.007,57.443,63.052,65.569,63.481,63.921,74.071,74.622,68.667,70.798,81.515,73.951,71.937,69.614,47.12,46.574,79.6,130.219,100.809,100.908,90.042,130.061,156.98,49.746,45.819,52.095,39.039,31.087,24.561,21.186,21.741,41.428,12.825,19.923,20.093,19.441,20.306,168.853,165.318,175.083,176.793,189.307,199.316,172.916,166.532,177.677,158.074,145.475,141.0
"COMMERCE BANK OF WASHINGTON, NATIONAL ASSOCIATION, THE",0.0,0.0,0.0,0.0,0.0,0.0,0.0,0.0,0.0,0.0,0.0,0.0,0.0,0.0,0.0,0.0,0.0,0.0,0.0,0.0,0.0,0.0,0.0,0.0,0.0,0.0,0.0,0.0,0.0,0.0,0.0,0.0,0.0,0.0,0.0,0.0,0.0,0.0,0.0,6.0,5.925,5.85,5.775,5.725,0.0,0.0,0.0,0.0,0.0,0.0,0.0,0.0,0.0,0.0,0.0,0.0,0.0,0.0,0.0,0.0,0.0,0.0,0.0,0.0,0.0,0.0,0.0,0.0,0.0,0.0,0.0,0.0,0.0
COMPASS BANK,0.0,0.0,0.0,0.0,0.0,0.0,0.0,0.0,0.0,0.0,0.0,0.0,50.833,66.611,61.353,63.161,76.658,72.551,69.78,96.797,93.95,91.279,120.959,148.907,178.95,197.427,242.184,250.3,391.048,325.296,510.936,610.005,717.523,774.97,915.959,1119.987,1178.208,1242.317,1236.152,1395.955,1477.475,1719.699,1871.882,2008.14,2169.8,2380.759,2611.311,2620.11,2933.786,3398.753,3634.863,3874.323,4249.956,4320.324,4471.009,4498.197,4510.524,4655.26,4703.832,4831.146,4965.141,4994.327,4891.119,4831.256,0.0,0.0,0.0,0.0,0.0,0.0,0.0,0.0,0.0
DEUTSCHE BANK TRUST COMPANY AMERICAS,0.0,0.0,0.0,0.0,0.0,0.0,0.0,3.0,0.0,0.0,0.0,0.0,0.0,0.0,0.0,0.0,0.0,0.0,0.0,0.0,0.0,0.0,0.0,0.0,0.0,0.0,0.0,0.0,0.0,0.0,0.0,0.0,0.0,0.0,0.0,0.0,0.0,0.0,0.0,0.0,0.0,0.0,0.0,0.0,0.0,0.0,0.0,0.0,0.0,0.0,0.0,0.0,0.0,0.0,0.0,0.0,0.0,0.0,0.0,0.0,0.0,0.0,0.0,0.0,0.0,0.0,0.0,0.0,0.0,0.0,0.0,0.0,0.0
EAGLE NATIONAL BANK OF MIAMI,0.0,0.0,0.0,0.0,0.0,0.0,0.0,0.0,0.0,0.0,0.0,0.0,0.0,0.0,0.0,0.0,0.0,0.0,0.0,0.0,0.0,0.0,0.0,0.0,2.167,0.0,0.0,0.0,0.0,0.0,0.0,0.0,0.0,0.0,0.0,0.0,0.0,0.0,0.0,0.0,0.0,0.0,0.0,0.0,0.0,0.0,0.0,0.0,0.0,0.0,0.0,0.0,0.0,0.0,0.0,0.0,0.0,0.0,0.0,0.0,0.0,0.0,0.0,0.0,0.0,0.0,0.0,0.0,0.0,0.0,0.0,0.0,0.0
EAST WEST BANK,0.0,0.0,0.0,0.0,0.0,0.0,0.0,0.0,0.0,0.0,0.0,0.0,0.0,0.0,0.0,0.0,0.0,0.0,0.0,0.0,0.0,0.0,0.0,0.0,0.0,0.0,0.0,0.0,0.0,0.0,0.0,0.0,0.0,0.0,0.0,0.0,0.0,0.0,0.0,0.0,0.0,0.0,17.911,17.718,11.994,11.535,11.419,11.305,11.188,10.743,10.625,10.502,7.829,7.356,7.282,7.21,3.587,3.214,3.214,3.212,3.214,2.816,2.814,2.812,2.812,2.674,2.674,2.672,2.672,2.514,2.514,2.512,2.512
EUROPEAN AMERICAN BANK,0.042,0.133,0.0,0.0,0.0,0.0,0.0,0.0,0.0,0.0,0.0,0.0,0.0,0.0,0.0,0.0,0.0,0.0,0.0,0.0,0.0,0.0,0.0,0.0,0.0,0.0,0.0,0.0,0.0,0.0,0.0,0.0,0.0,0.0,0.0,0.0,0.0,0.0,0.0,0.0,0.0,0.0,0.0,0.0,0.0,0.0,0.0,0.0,0.0,0.0,0.0,0.0,0.0,0.0,0.0,0.0,0.0,0.0,0.0,0.0,0.0,0.0,0.0,0.0,0.0,0.0,0.0,0.0,0.0,0.0,0.0,0.0,0.0
FALCON INTERNATIONAL BANK,0.0,0.0,0.0,0.0,0.0,0.0,0.0,0.0,0.0,0.0,0.0,0.0,0.0,0.0,0.0,0.0,0.0,0.0,0.0,0.0,0.0,1.316,1.297,1.282,1.256,1.238,1.219,1.198,1.175,1.151,1.127,1.101,1.074,1.037,1.008,0.986,0.963,0.571,0.548,0.534,0.51,0.466,0.441,0.425,0.4,0.373,0.345,0.342,0.313,0.283,0.253,0.222,0.191,0.158,0.127,0.094,0.06,0.026,0.03,0.027,0.023,0.021,0.017,0.014,0.01,0.007,0.004,0.0,0.0,0.0,0.0,0.0,0.248
FIFTH THIRD BANK,83.826,222.353,222.578,217.351,251.229,235.305,223.217,221.465,10.952,72.137,74.995,72.219,72.151,59.228,53.195,79.225,68.498,65.323,64.978,51.017,40.569,41.726,49.525,49.153,52.273,34.183,34.388,30.338,28.047,24.41,22.698,28.345,28.978,27.521,155.266,141.648,124.316,154.553,189.158,240.184,244.353,278.713,309.592,285.766,313.503,319.952,340.58,322.882,351.482,343.659,410.839,493.53,492.025,509.632,517.078,547.677,542.712,550.966,541.769,518.64,520.175,549.621,522.475,546.518,550.494,479.096,417.174,411.933,464.958,476.963,560.827,535.621,532.777
FIRST COMMERCIAL BANK,0.0,0.0,0.0,0.0,0.0,0.0,0.0,0.0,0.0,0.0,0.0,0.0,0.0,0.0,0.0,0.0,0.0,0.0,0.0,0.0,0.0,0.0,0.0,0.0,0.0,0.345,0.692,1.122,5.569,5.568,5.542,5.553,0.138,0.138,0.238,0.069,0.041,0.0,0.0,0.0,0.0,0.0,0.0,0.0,0.0,0.0,0.0,0.0,0.0,0.0,0.0,0.0,0.0,0.0,0.0,0.0,0.0,0.0,0.0,0.0,0.0,0.0,0.0,0.0,0.0,0.0,0.0,0.0,0.0,0.0,0.0,0.0,0.0
"FIRST FINANCIAL BANK, NATIONAL ASSOCIATION",0.0,0.0,0.0,0.0,0.0,0.0,0.0,0.0,0.0,0.0,0.0,0.0,0.0,0.0,0.0,0.0,0.0,0.0,0.0,0.0,0.0,0.0,0.0,0.0,0.0,0.0,0.0,0.0,0.0,0.0,0.0,0.0,0.0,0.0,31.116,23.284,20.467,21.247,21.199,25.454,24.336,28.019,27.59,36.191,33.222,37.805,38.713,39.481,54.691,52.179,57.767,64.389,79.686,85.409,97.094,96.075,95.556,94.274,94.697,93.451,0.0,0.0,0.0,0.0,0.0,0.0,0.0,0.0,0.0,0.0,0.0,0.0,0.0
FIRST HAWAIIAN BANK,0.083,0.065,0.046,0.028,0.009,0.006,0.003,0.001,0.0,0.0,0.0,0.0,0.0,0.0,0.0,0.0,0.0,0.0,0.0,0.0,0.0,0.0,0.202,0.165,0.128,0.09,0.051,0.013,0.0,0.0,0.0,0.0,0.0,0.0,0.0,0.0,0.437,0.442,0.449,0.456,0.463,0.47,0.476,0.476,0.493,0.0,0.0,0.0,0.0,0.0,0.0,0.0,0.0,0.0,0.0,0.0,0.0,0.0,0.0,0.0,0.001,0.0,0.003,0.002,0.001,0.0,0.005,0.003,0.002,0.0,0.002,0.006,0.004
FIRST MIDWEST BANK,0.0,0.0,0.0,0.0,0.0,0.0,0.0,0.0,0.0,0.0,0.0,0.0,0.0,0.0,0.0,0.0,0.0,0.0,0.0,0.0,0.0,0.0,0.0,0.0,0.0,0.0,0.0,0.0,0.0,0.0,0.0,0.0,0.0,0.0,0.0,0.0,0.0,0.0,0.0,0.0,0.0,85.851,84.453,97.504,113.831,118.318,122.73,119.05,117.304,115.974,111.398,134.433,134.188,179.668,190.254,189.361,203.666,199.189,226.499,221.736,260.966,278.193,293.935,283.328,297.929,304.444,288.374,301.88,325.87,320.706,332.19,315.003,316.324
FIRST NATIONAL BANK OF PENNSYLVANIA,0.0,0.0,0.0,0.0,0.0,0.0,0.0,0.0,0.0,0.0,0.0,0.0,0.0,0.0,0.0,0.0,0.0,0.0,0.0,0.0,0.0,0.0,0.0,0.0,0.0,0.0,0.0,0.0,0.0,0.0,0.0,0.0,0.0,0.0,0.0,0.0,0.0,0.0,0.0,153.36,201.355,204.934,196.532,183.112,0.0,0.0,0.0,0.0,0.0,0.0,0.0,0.0,0.0,0.0,0.0,0.0,0.0,0.0,0.0,0.0,0.0,0.0,0.0,0.0,0.0,0.0,0.0,0.0,0.0,0.0,0.0,0.0,0.0
"FIRST SECURITY BANK, NATIONAL ASSOCIATION",64.77,0.0,0.0,0.0,0.0,0.0,0.0,0.0,0.0,0.0,0.0,0.0,0.0,0.0,0.0,0.0,0.0,0.0,0.0,0.0,0.0,0.0,0.0,0.0,0.0,0.0,0.0,0.0,0.0,0.0,0.0,0.0,0.0,0.0,0.0,0.0,0.0,0.0,0.0,0.0,0.0,0.0,0.0,0.0,0.0,0.0,0.0,0.0,0.0,0.0,0.0,0.0,0.0,0.0,0.0,0.0,0.0,0.0,0.0,0.0,0.0,0.0,0.0,0.0,0.0,0.0,0.0,0.0,0.0,0.0,0.0,0.0,0.0
FIRST TENNESSEE BANK NATIONAL ASSOCIATION,0.0,0.0,0.0,0.0,0.0,0.0,0.0,0.0,0.0,0.0,0.0,0.0,0.0,0.0,0.0,0.0,0.0,0.0,0.0,0.0,0.0,0.0,0.0,0.0,0.0,0.0,0.0,22.718,22.003,21.887,27.703,26.271,25.593,28.643,57.481,84.823,77.548,139.008,185.36,119.267,125.275,138.171,168.001,195.78,234.833,233.827,235.957,262.866,273.519,309.969,327.91,347.214,368.214,455.012,522.833,559.054,564.607,551.543,596.236,621.615,621.526,590.226,579.491,580.117,0.0,0.0,0.0,0.0,0.0,0.0,0.0,0.0,0.0
FIRST UNION NATIONAL BANK,1775.0,1636.0,1617.0,1684.0,1670.0,0.0,0.0,0.0,0.0,0.0,0.0,0.0,0.0,0.0,0.0,0.0,0.0,0.0,0.0,0.0,0.0,0.0,0.0,0.0,0.0,0.0,0.0,0.0,0.0,0.0,0.0,0.0,0.0,0.0,0.0,0.0,0.0,0.0,0.0,0.0,0.0,0.0,0.0,0.0,0.0,0.0,0.0,0.0,0.0,0.0,0.0,0.0,0.0,0.0,0.0,0.0,0.0,0.0,0.0,0.0,0.0,0.0,0.0,0.0,0.0,0.0,0.0,0.0,0.0,0.0,0.0,0.0,0.0
"FIRSTAR BANK, NATIONAL ASSOCIATION",344.345,324.334,0.0,0.0,0.0,0.0,0.0,0.0,0.0,0.0,0.0,0.0,0.0,0.0,0.0,0.0,0.0,0.0,0.0,0.0,0.0,0.0,0.0,0.0,0.0,0.0,0.0,0.0,0.0,0.0,0.0,0.0,0.0,0.0,0.0,0.0,0.0,0.0,0.0,0.0,0.0,0.0,0.0,0.0,0.0,0.0,0.0,0.0,0.0,0.0,0.0,0.0,0.0,0.0,0.0,0.0,0.0,0.0,0.0,0.0,0.0,0.0,0.0,0.0,0.0,0.0,0.0,0.0,0.0,0.0,0.0,0.0,0.0
FIRSTBANK PUERTO RICO,0.0,0.0,0.0,0.0,0.0,0.0,0.0,0.0,0.0,0.0,0.0,0.0,0.0,0.0,0.0,33.371,0.0,0.0,0.0,59.388,64.74,64.086,109.747,136.41,132.848,131.606,128.058,153.439,164.798,156.159,188.084,213.543,707.879,235.487,915.366,1229.431,842.597,351.401,330.243,409.384,424.751,329.566,361.15,499.457,484.286,268.615,266.419,193.942,215.189,289.016,367.59,458.333,484.915,420.935,357.086,365.701,382.631,384.889,419.36,309.295,237.403,75.893,71.797,113.583,112.133,112.019,120.324,120.203,114.108,108.961,118.01,106.221,115.076
"FIRSTMERIT BANK, N.A.",1.244,1.209,1.175,1.14,0.0,0.0,0.0,0.0,0.0,0.0,0.0,0.0,0.0,0.0,0.0,0.0,0.0,0.0,0.0,0.0,0.0,0.0,0.0,0.0,0.0,0.0,0.0,0.0,0.0,0.0,0.0,0.0,0.0,0.0,0.0,0.0,0.0,0.0,0.0,0.0,0.0,0.0,0.0,0.0,0.0,0.0,0.0,0.0,0.0,0.0,0.0,0.0,0.0,0.0,0.0,0.0,0.0,0.0,0.0,0.0,0.0,0.0,0.0,0.0,0.0,0.0,0.0,0.0,0.0,0.0,0.0,0.0,0.0
FLEET NATIONAL BANK,160.0,148.0,146.0,142.0,134.0,132.0,128.0,124.0,118.0,116.0,111.0,109.0,112.0,118.949,149.11,168.932,297.552,0.0,0.0,0.0,0.0,0.0,0.0,0.0,0.0,0.0,0.0,0.0,0.0,0.0,0.0,0.0,0.0,0.0,0.0,0.0,0.0,0.0,0.0,0.0,0.0,0.0,0.0,0.0,0.0,0.0,0.0,0.0,0.0,0.0,0.0,0.0,0.0,0.0,0.0,0.0,0.0,0.0,0.0,0.0,0.0,0.0,0.0,0.0,0.0,0.0,0.0,0.0,0.0,0.0,0.0,0.0,0.0
"FROST NATIONAL BANK, THE",0.0,0.0,0.0,0.0,0.0,0.0,0.0,0.0,0.0,0.0,0.0,0.0,0.0,0.0,0.0,0.0,0.0,0.0,0.0,0.0,0.0,0.0,0.0,0.0,0.0,0.0,0.0,0.0,0.0,0.0,0.0,0.0,0.0,0.0,98.93,101.093,92.399,83.479,80.795,90.261,0.0,0.0,0.0,0.0,0.0,0.0,0.0,0.0,0.0,0.0,0.0,0.0,0.0,0.0,0.0,0.0,0.0,0.0,0.0,0.0,0.0,0.0,0.0,0.0,0.0,0.0,0.0,0.0,0.0,0.0,0.0,0.0,0.0
GOLDMAN SACHS BANK USA,0.0,0.0,0.0,0.0,0.0,0.0,0.0,0.0,0.0,0.0,0.0,0.0,0.0,0.0,0.0,0.0,0.0,0.0,0.0,0.0,0.0,0.0,0.0,0.0,0.0,0.0,0.0,0.0,0.0,0.0,0.0,0.0,0.0,0.0,0.0,0.0,0.0,0.0,0.0,0.0,0.0,0.0,0.0,0.0,0.0,0.0,0.0,0.0,0.0,0.0,0.0,0.0,0.0,0.0,0.0,0.0,0.0,0.0,0.0,0.0,180.0,94.0,93.0,92.0,92.0,90.0,85.0,84.0,84.0,83.0,83.0,82.0,95.0
HANCOCK BANK,0.0,0.0,0.0,0.0,0.0,0.0,0.0,0.0,0.0,0.0,0.0,0.0,0.0,0.0,0.0,0.0,0.0,0.0,0.0,0.0,0.0,0.0,0.0,0.0,0.0,0.0,0.0,0.0,0.0,0.0,0.0,0.0,0.0,0.0,0.0,0.0,0.0,0.0,0.0,0.0,0.0,0.0,0.0,0.0,0.0,0.0,0.0,0.0,0.0,0.0,0.0,0.0,650.25,0.0,0.0,0.0,0.0,0.0,0.0,0.0,0.0,0.0,0.0,0.0,0.0,0.0,0.0,0.0,0.0,0.0,0.0,0.0,0.0
HARRIS NATIONAL ASSOCIATION,0.0,0.0,0.0,0.0,0.0,0.0,0.0,0.0,0.0,0.0,0.0,0.0,0.0,0.0,0.0,0.0,0.0,7.914,43.638,19.185,19.61,20.063,27.031,17.809,18.6,26.485,28.24,25.561,25.173,25.418,35.174,12.354,11.699,10.472,11.23,14.827,15.802,15.756,14.782,14.661,12.618,13.732,0.0,0.0,0.0,0.0,0.0,0.0,0.0,0.0,0.0,0.0,0.0,0.0,0.0,0.0,0.0,0.0,0.0,0.0,0.0,0.0,0.0,0.0,0.0,0.0,0.0,0.0,0.0,0.0,0.0,0.0,0.0
HARRIS TRUST AND SAVINGS BANK,0.828,0.0,0.0,0.0,0.0,0.0,0.305,0.305,0.26,0.26,0.26,0.26,0.205,0.305,0.274,0.205,0.145,0.0,0.0,0.0,0.0,0.0,0.0,0.0,0.0,0.0,0.0,0.0,0.0,0.0,0.0,0.0,0.0,0.0,0.0,0.0,0.0,0.0,0.0,0.0,0.0,0.0,0.0,0.0,0.0,0.0,0.0,0.0,0.0,0.0,0.0,0.0,0.0,0.0,0.0,0.0,0.0,0.0,0.0,0.0,0.0,0.0,0.0,0.0,0.0,0.0,0.0,0.0,0.0,0.0,0.0,0.0,0.0
HIBERNIA NATIONAL BANK,164.646,166.143,164.252,169.229,161.893,165.239,159.952,160.414,146.146,143.231,136.461,167.904,155.22,162.001,154.016,167.381,169.302,163.58,175.18,217.46,191.797,0.0,0.0,0.0,0.0,0.0,0.0,0.0,0.0,0.0,0.0,0.0,0.0,0.0,0.0,0.0,0.0,0.0,0.0,0.0,0.0,0.0,0.0,0.0,0.0,0.0,0.0,0.0,0.0,0.0,0.0,0.0,0.0,0.0,0.0,0.0,0.0,0.0,0.0,0.0,0.0,0.0,0.0,0.0,0.0,0.0,0.0,0.0,0.0,0.0,0.0,0.0,0.0
HSBC BANK USA,80.925,77.662,70.481,75.01,63.589,62.924,60.636,56.423,55.908,44.66,48.264,37.501,26.698,26.171,0.0,0.0,0.0,0.0,0.0,0.0,0.0,0.0,0.0,0.0,0.0,0.0,0.0,0.0,0.0,0.0,0.0,0.0,0.0,0.0,0.0,0.0,0.0,0.0,0.0,0.0,0.0,0.0,0.0,0.0,0.0,0.0,0.0,0.0,0.0,0.0,0.0,0.0,0.0,0.0,0.0,0.0,0.0,0.0,0.0,0.0,0.0,0.0,0.0,0.0,0.0,0.0,0.0,0.0,0.0,0.0,0.0,0.0,0.0
"HSBC BANK USA, NATIONAL ASSOCIATION",0.0,0.0,0.0,0.0,0.0,0.0,0.0,0.0,0.0,0.0,0.0,0.0,0.0,0.0,22.725,19.86,19.904,17.996,17.11,17.081,17.955,17.984,17.151,23.381,30.399,35.8,53.132,57.4,65.249,55.647,59.147,58.007,66.705,58.183,50.162,45.29,38.407,39.422,31.897,27.276,28.509,30.653,28.071,17.039,12.337,3.695,2.985,2.585,2.599,2.408,2.655,2.329,2.29,0.001,0.0,0.023,0.0,0.0,0.0,0.0,0.0,0.0,0.0,0.0,0.0,0.0,0.0,0.0,0.0,0.0,0.0,0.0,0.011
HUDSON UNITED BANK,14.298,13.575,13.302,13.062,12.824,12.586,12.314,12.039,10.881,10.685,10.428,10.229,0.0,0.0,0.0,0.0,0.0,0.0,0.0,0.0,0.0,0.0,0.0,0.0,0.0,0.0,0.0,0.0,0.0,0.0,0.0,0.0,0.0,0.0,0.0,0.0,0.0,0.0,0.0,0.0,0.0,0.0,0.0,0.0,0.0,0.0,0.0,0.0,0.0,0.0,0.0,0.0,0.0,0.0,0.0,0.0,0.0,0.0,0.0,0.0,0.0,0.0,0.0,0.0,0.0,0.0,0.0,0.0,0.0,0.0,0.0,0.0,0.0
"HUNTINGTON NATIONAL BANK, THE",74.68,73.5,68.216,60.021,53.451,52.178,49.108,47.36,44.292,38.62,35.264,32.611,31.462,28.399,27.742,27.307,25.768,25.511,21.746,21.108,22.602,21.655,22.231,21.519,41.081,37.113,45.779,43.488,62.542,60.387,59.712,54.473,296.085,459.5,443.942,394.666,75.981,87.641,92.492,125.11,91.478,115.357,99.837,98.694,116.17,142.077,110.932,107.576,97.501,98.391,262.316,106.968,116.21,229.538,218.698,244.947,224.271,203.735,321.695,320.402,602.212,666.355,685.98,523.385,500.263,506.414,506.285,491.011,0.0,0.0,473.689,465.022,416.255
IMPERIAL BANK,0.044,0.031,0.0,0.0,0.0,0.0,0.0,0.0,0.0,0.0,0.0,0.0,0.0,0.0,0.0,0.0,0.0,0.0,0.0,0.0,0.0,0.0,0.0,0.0,0.0,0.0,0.0,0.0,0.0,0.0,0.0,0.0,0.0,0.0,0.0,0.0,0.0,0.0,0.0,0.0,0.0,0.0,0.0,0.0,0.0,0.0,0.0,0.0,0.0,0.0,0.0,0.0,0.0,0.0,0.0,0.0,0.0,0.0,0.0,0.0,0.0,0.0,0.0,0.0,0.0,0.0,0.0,0.0,0.0,0.0,0.0,0.0,0.0
IRWIN UNION BANK AND TRUST COMPANY,1.538,1.59,1.529,1.423,1.691,2.279,2.209,2.151,2.074,2.154,2.081,1.856,1.78,1.703,1.625,1.546,1.335,1.276,1.274,1.333,1.311,0.1,0.0,1.149,1.651,1.628,1.35,3.416,3.388,3.484,4.034,2.497,1.655,1.204,0.0,0.0,0.0,0.0,0.0,0.0,0.0,0.0,0.0,0.0,0.0,0.0,0.0,0.0,0.0,0.0,0.0,0.0,0.0,0.0,0.0,0.0,0.0,0.0,0.0,0.0,0.0,0.0,0.0,0.0,0.0,0.0,0.0,0.0,0.0,0.0,0.0,0.0,0.0
ISRAEL DISCOUNT BANK OF NEW YORK,1.417,1.367,1.367,0.0,0.0,0.0,0.0,0.0,0.0,0.0,0.0,0.0,0.0,0.0,0.0,0.0,0.0,0.0,0.0,0.0,0.0,0.0,0.0,0.0,0.0,0.0,0.0,0.0,0.0,0.0,0.0,0.0,0.0,0.0,0.0,0.0,0.0,0.0,0.0,0.0,0.0,0.0,0.0,0.0,0.0,0.0,0.0,0.0,0.0,0.0,0.0,0.0,0.0,0.0,0.0,0.0,0.0,0.0,0.0,0.0,0.0,0.0,0.0,0.0,0.0,0.0,0.0,0.0,0.0,0.0,0.0,0.0,0.0
JOHNSON BANK,0.392,0.387,0.317,0.241,1.893,2.026,1.755,2.058,3.472,3.386,3.857,4.644,5.294,6.136,1.146,1.137,0.817,0.814,0.778,1.837,1.725,1.613,1.603,1.473,1.347,1.34,19.314,23.05,22.562,25.455,27.247,30.191,30.632,31.126,30.287,22.655,16.939,16.813,16.564,13.108,12.857,24.431,24.153,23.858,0.0,0.0,0.0,0.0,0.0,0.0,0.0,0.0,0.0,0.0,0.0,0.0,0.0,0.0,0.0,0.0,0.0,0.0,0.0,0.0,0.0,0.0,0.0,0.0,0.0,0.0,0.0,0.0,0.0
JPMORGAN CHASE BANK,0.0,0.0,0.0,1585.0,1545.0,1356.0,1256.0,49.0,21.0,19.0,17.0,33.0,85.0,84.0,14.0,0.0,0.0,0.0,0.0,0.0,0.0,0.0,0.0,0.0,0.0,0.0,0.0,0.0,0.0,0.0,0.0,0.0,0.0,0.0,0.0,0.0,0.0,0.0,0.0,0.0,0.0,0.0,0.0,0.0,0.0,0.0,0.0,0.0,0.0,0.0,0.0,0.0,0.0,0.0,0.0,0.0,0.0,0.0,0.0,0.0,0.0,0.0,0.0,0.0,0.0,0.0,0.0,0.0,0.0,0.0,0.0,0.0,0.0
"JPMORGAN CHASE BANK, NATIONAL ASSOCIATION",0.0,0.0,0.0,0.0,0.0,0.0,0.0,0.0,0.0,0.0,0.0,0.0,0.0,0.0,0.0,2141.0,2324.0,2490.0,2499.0,2302.0,2297.0,2055.0,2357.0,2184.0,2642.0,2577.0,3315.0,4117.0,4691.0,4673.0,4564.0,4002.0,3463.0,3366.0,3517.0,3724.0,3584.0,3890.0,4621.0,5496.0,5629.0,6286.0,7358.0,9092.0,9693.0,10443.0,11538.0,11895.0,11794.0,11784.0,11730.0,13652.0,13673.0,13913.0,13600.0,14091.0,14079.0,16024.0,16877.0,18028.0,18639.0,19468.0,21023.955,22753.1,22746.402,23043.0,23433.0,23547.0,23377.0,23230.0,22089.0,21515.0,20843.0
KEYBANK NATIONAL ASSOCIATION,382.784,399.402,427.891,436.522,474.388,380.036,406.174,370.632,385.314,369.648,373.584,333.42,383.983,353.363,354.597,307.27,299.435,298.548,396.642,387.865,375.62,310.922,440.963,453.047,453.603,510.19,563.798,714.246,752.457,600.005,608.752,623.151,643.191,607.816,625.198,566.37,628.62,611.051,592.407,603.772,603.052,588.697,586.89,958.459,1144.115,1106.107,1112.574,1213.617,686.594,723.642,811.06,949.083,987.16,904.655,924.356,870.467,971.2,879.279,926.004,923.601,951.104,1054.582,1165.579,1868.216,2033.599,1726.562,1870.839,2256.318,2255.145,2048.064,2102.959,2017.287,2013.555
LAKE CITY BANK,2.315,2.218,2.737,2.544,2.576,2.745,5.427,4.973,7.269,7.153,8.904,7.785,8.366,11.04,8.659,6.369,3.835,4.721,4.374,4.512,6.453,6.5,11.059,9.797,6.914,6.764,6.993,6.613,0.0,0.0,0.0,0.0,0.0,0.0,0.0,0.0,0.0,0.0,0.0,0.0,0.0,0.0,0.0,0.0,0.0,0.0,0.0,0.0,0.0,0.0,0.0,0.0,0.0,0.0,0.0,0.0,0.0,0.0,0.0,0.0,0.0,0.0,0.0,0.0,0.0,0.0,0.0,0.0,0.0,0.0,0.0,0.0,0.0
LAKE FOREST BANK & TRUST COMPANY,0.0,0.0,0.0,0.0,0.0,0.0,0.0,0.0,0.0,0.0,0.0,0.0,0.0,0.0,0.0,0.0,0.0,0.0,0.0,0.0,0.0,0.0,0.0,0.0,0.0,0.0,0.0,0.0,0.0,0.0,0.0,0.0,0.0,0.0,0.0,0.0,0.0,0.0,0.0,0.0,0.0,0.0,0.0,0.0,0.0,9.485,19.394,20.984,2.179,2.134,0.403,0.356,0.309,7.827,7.733,7.86,7.758,7.624,7.521,7.45,7.395,7.305,8.089,8.023,7.956,7.852,7.784,0.0,0.0,0.0,0.0,0.0,0.0
"LAKE FOREST BANK & TRUST COMPANY, NATIONAL ASSOCIATION",0.0,0.0,0.0,0.0,0.0,0.0,0.0,0.0,0.0,0.0,0.0,0.0,0.0,0.0,0.0,0.0,0.0,0.0,0.0,0.0,0.0,0.0,0.0,0.0,0.0,0.0,0.0,0.0,0.0,0.0,0.0,0.0,0.0,0.0,0.0,0.0,0.0,0.0,0.0,0.0,0.0,0.0,0.0,0.0,0.0,0.0,0.0,0.0,0.0,0.0,0.0,0.0,0.0,0.0,0.0,0.0,0.0,0.0,0.0,0.0,0.0,0.0,0.0,0.0,0.0,0.0,0.0,7.715,13.646,13.576,13.505,13.433,13.363
LASALLE BANK MIDWEST NATIONAL ASSOCIATION,0.0,0.0,0.0,0.0,0.0,0.0,0.0,0.0,0.0,0.0,0.0,0.0,0.0,0.0,0.0,0.0,0.0,0.0,3.403,3.113,2.801,2.498,2.206,1.902,1.597,3.709,2.457,1.168,0.35,1.932,3.099,0.0,0.0,0.0,0.0,0.0,0.0,0.0,0.0,0.0,0.0,0.0,0.0,0.0,0.0,0.0,0.0,0.0,0.0,0.0,0.0,0.0,0.0,0.0,0.0,0.0,0.0,0.0,0.0,0.0,0.0,0.0,0.0,0.0,0.0,0.0,0.0,0.0,0.0,0.0,0.0,0.0,0.0
LASALLE BANK NATIONAL ASSOCIATION,180.892,167.997,167.68,169.631,169.341,169.632,161.31,163.519,163.912,163.248,156.434,156.592,153.97,139.246,136.534,133.52,130.712,124.041,112.306,109.001,105.918,101.083,112.448,106.271,103.45,109.912,106.679,99.252,0.002,0.0,0.0,0.0,0.0,0.0,0.0,0.0,0.0,0.0,0.0,0.0,0.0,0.0,0.0,0.0,0.0,0.0,0.0,0.0,0.0,0.0,0.0,0.0,0.0,0.0,0.0,0.0,0.0,0.0,0.0,0.0,0.0,0.0,0.0,0.0,0.0,0.0,0.0,0.0,0.0,0.0,0.0,0.0,0.0
M&I BANK OF SOUTHERN WISCONSIN,7.211,0.0,0.0,0.0,0.0,0.0,0.0,0.0,0.0,0.0,0.0,0.0,0.0,0.0,0.0,0.0,0.0,0.0,0.0,0.0,0.0,0.0,0.0,0.0,0.0,0.0,0.0,0.0,0.0,0.0,0.0,0.0,0.0,0.0,0.0,0.0,0.0,0.0,0.0,0.0,0.0,0.0,0.0,0.0,0.0,0.0,0.0,0.0,0.0,0.0,0.0,0.0,0.0,0.0,0.0,0.0,0.0,0.0,0.0,0.0,0.0,0.0,0.0,0.0,0.0,0.0,0.0,0.0,0.0,0.0,0.0,0.0,0.0
M&I MARSHALL & ILSLEY BANK,52.38,92.157,91.88,85.98,79.346,76.947,86.395,87.234,84.41,96.0,96.931,106.261,102.835,103.854,96.803,97.494,99.461,98.16,94.894,85.484,81.584,69.29,68.843,66.534,63.28,68.665,70.51,75.669,74.287,90.539,93.331,81.119,68.8,80.048,95.796,126.355,134.837,177.925,187.446,207.012,208.331,211.978,0.0,0.0,0.0,0.0,0.0,0.0,0.0,0.0,0.0,0.0,0.0,0.0,0.0,0.0,0.0,0.0,0.0,0.0,0.0,0.0,0.0,0.0,0.0,0.0,0.0,0.0,0.0,0.0,0.0,0.0,0.0
MAINSOURCE BANK,0.0,0.0,0.0,0.0,0.0,0.0,0.0,5.91,5.723,8.655,8.141,12.204,0.0,0.0,0.0,0.0,0.0,0.0,0.0,0.0,0.0,0.0,0.0,0.0,0.0,0.0,0.0,0.0,0.0,0.0,0.0,0.0,0.0,0.0,0.0,0.0,0.0,0.0,0.0,0.0,0.0,0.0,0.0,0.0,0.0,0.0,0.0,0.0,0.0,0.0,0.0,0.0,0.0,0.0,0.0,0.0,0.0,0.0,0.0,0.0,0.0,0.0,0.0,0.0,0.0,0.0,0.0,0.0,0.0,0.0,0.0,0.0,0.0
MANUFACTURERS AND TRADERS TRUST COMPANY,354.213,350.903,354.548,355.444,299.684,292.42,380.141,373.113,387.258,488.039,484.547,496.103,379.332,385.891,396.155,290.593,283.419,321.198,302.572,298.845,334.552,341.262,345.114,298.823,351.87,355.395,414.792,338.143,363.28,368.635,343.05,389.975,368.223,361.168,361.989,344.182,351.962,307.042,326.449,298.465,320.347,342.838,362.512,328.999,350.939,322.453,316.613,275.878,262.351,224.839,151.04,136.645,166.668,169.094,155.509,155.356,158.006,143.137,115.966,121.796,122.11,123.975,136.903,133.752,151.324,137.554,83.071,102.366,112.133,107.35,99.03,107.682,114.291
"MB FINANCIAL BANK, NATIONAL ASSOCIATION",0.0,0.0,0.0,0.0,0.0,0.0,0.0,0.0,0.0,0.0,0.0,0.0,0.0,0.0,0.0,0.0,0.0,0.0,0.0,0.0,1.167,1.141,1.121,3.432,3.32,7.156,5.826,5.633,57.984,63.35,62.828,66.044,73.146,72.326,77.835,166.714,179.973,169.82,168.317,198.221,312.101,335.228,365.885,383.055,371.073,380.31,396.34,427.901,449.104,506.063,520.658,527.844,517.566,510.764,494.219,543.764,531.053,539.569,527.128,545.029,361.783,366.138,387.892,391.468,361.443,352.672,313.27,306.464,314.33,332.15,343.159,357.253,336.172
"MELLON BANK, N.A.",171.293,138.697,160.615,11.016,8.803,7.508,7.214,6.969,6.546,28.264,5.854,5.498,3.592,3.303,3.008,2.708,2.402,0.0,0.0,0.0,0.0,0.0,0.0,0.0,0.0,0.0,0.0,0.0,0.0,0.0,0.0,0.0,0.0,0.0,0.0,0.0,0.0,0.0,0.0,0.0,0.0,0.0,0.0,0.0,0.0,0.0,0.0,0.0,0.0,0.0,0.0,0.0,0.0,0.0,0.0,0.0,0.0,0.0,0.0,0.0,0.0,0.0,0.0,0.0,0.0,0.0,0.0,0.0,0.0,0.0,0.0,0.0,0.0
MICHIGAN NATIONAL BANK,11.745,11.33,12.081,0.0,0.0,0.0,0.0,0.0,0.0,0.0,0.0,0.0,0.0,0.0,0.0,0.0,0.0,0.0,0.0,0.0,0.0,0.0,0.0,0.0,0.0,0.0,0.0,0.0,0.0,0.0,0.0,0.0,0.0,0.0,0.0,0.0,0.0,0.0,0.0,0.0,0.0,0.0,0.0,0.0,0.0,0.0,0.0,0.0,0.0,0.0,0.0,0.0,0.0,0.0,0.0,0.0,0.0,0.0,0.0,0.0,0.0,0.0,0.0,0.0,0.0,0.0,0.0,0.0,0.0,0.0,0.0,0.0,0.0
MIZUHO BANK (USA),0.0,0.0,0.0,0.0,0.0,0.0,0.0,0.0,0.0,0.0,0.0,0.0,0.0,0.0,0.0,0.0,0.0,0.0,0.0,0.0,0.0,0.0,0.0,0.0,0.0,0.0,0.0,0.0,0.0,0.0,0.0,0.0,0.0,0.0,0.0,0.0,0.0,0.0,0.0,0.0,0.0,0.0,0.0,0.0,0.0,0.0,0.0,0.0,0.0,0.0,75.349,75.349,75.349,75.349,75.349,75.349,75.349,75.349,0.0,0.0,0.0,46.512,46.512,46.512,0.0,0.0,0.0,0.0,0.0,0.0,0.0,0.0,0.0
MIZUHO CORPORATE BANK (USA),0.0,0.0,0.0,0.0,0.0,0.0,0.0,19.272,0.0,33.467,28.264,28.106,27.325,27.252,21.358,20.441,19.704,0.0,0.0,0.0,0.0,0.0,0.0,0.0,0.0,0.0,0.0,0.0,0.0,0.0,0.0,0.0,0.0,2.35,0.0,0.0,0.0,0.0,0.0,0.0,0.0,0.0,0.0,0.0,69.767,69.767,74.419,75.349,75.349,75.349,0.0,0.0,0.0,0.0,0.0,0.0,0.0,0.0,0.0,0.0,0.0,0.0,0.0,0.0,0.0,0.0,0.0,0.0,0.0,0.0,0.0,0.0,0.0
MORGAN GUARANTY TRUST COMPANY OF NEW YORK,59.0,1558.0,1557.0,0.0,0.0,0.0,0.0,0.0,0.0,0.0,0.0,0.0,0.0,0.0,0.0,0.0,0.0,0.0,0.0,0.0,0.0,0.0,0.0,0.0,0.0,0.0,0.0,0.0,0.0,0.0,0.0,0.0,0.0,0.0,0.0,0.0,0.0,0.0,0.0,0.0,0.0,0.0,0.0,0.0,0.0,0.0,0.0,0.0,0.0,0.0,0.0,0.0,0.0,0.0,0.0,0.0,0.0,0.0,0.0,0.0,0.0,0.0,0.0,0.0,0.0,0.0,0.0,0.0,0.0,0.0,0.0,0.0,0.0
"MORGAN STANLEY BANK, N.A.",0.0,0.0,0.0,0.0,0.0,0.0,0.0,0.0,0.0,0.0,0.0,0.0,0.0,0.0,0.0,0.0,0.0,0.0,0.0,0.0,0.0,0.0,0.0,0.0,0.0,0.0,0.0,0.0,0.0,0.0,0.0,0.0,0.0,0.0,0.0,0.0,0.0,0.0,0.0,0.0,0.0,0.0,0.0,0.0,0.0,0.0,0.0,0.0,0.0,0.0,0.0,0.0,0.0,0.0,0.0,0.0,0.0,0.0,0.0,0.0,0.0,0.0,0.0,0.0,0.0,0.0,0.0,0.0,0.0,103.0,103.0,103.0,103.0
"MUFG UNION BANK, NATIONAL ASSOCIATION",0.0,0.0,0.0,0.0,0.0,0.0,0.0,0.0,0.0,0.0,0.0,0.0,0.0,0.0,0.0,0.0,0.0,0.0,0.0,0.0,0.0,0.0,0.0,0.0,0.0,0.0,0.0,0.0,0.0,0.0,0.0,0.0,0.0,0.0,0.0,0.0,0.0,0.0,0.0,0.0,0.0,0.0,0.0,0.0,0.0,0.0,0.0,0.0,0.0,0.0,0.0,0.0,0.0,0.0,211.283,208.522,168.905,166.713,178.902,134.626,112.014,94.452,117.248,99.9,80.369,566.001,559.263,553.647,596.083,672.471,620.177,515.296,512.159
NATIONAL BANK OF ARIZONA,0.0,0.0,0.0,0.0,0.0,0.0,0.0,0.0,0.0,0.0,0.0,0.0,0.0,0.0,0.0,0.0,0.0,0.0,0.0,0.0,0.0,0.0,0.0,0.0,0.0,0.0,0.0,0.0,4.724,4.041,3.897,3.781,3.725,3.465,3.337,3.225,3.172,3.027,2.622,2.529,0.0,0.0,0.0,0.0,0.0,0.0,0.0,0.0,0.0,0.0,0.0,0.0,0.0,0.0,0.0,0.0,0.0,0.0,0.0,0.0,0.0,0.0,0.0,0.0,0.0,0.0,0.0,0.0,0.0,0.0,0.0,0.0,0.0
NATIONAL CITY BANK,56.168,45.542,47.447,46.777,41.365,46.269,45.32,48.197,48.757,48.656,46.736,43.652,48.013,53.48,54.505,63.978,69.931,83.589,73.879,77.171,86.408,92.019,337.427,270.369,285.741,275.558,283.979,264.109,273.014,272.889,271.228,227.482,231.444,252.551,251.103,0.0,0.0,0.0,0.0,0.0,0.0,0.0,0.0,0.0,0.0,0.0,0.0,0.0,0.0,0.0,0.0,0.0,0.0,0.0,0.0,0.0,0.0,0.0,0.0,0.0,0.0,0.0,0.0,0.0,0.0,0.0,0.0,0.0,0.0,0.0,0.0,0.0,0.0
NATIONAL CITY BANK OF INDIANA,31.001,29.902,28.632,28.922,27.709,26.778,24.991,31.601,41.28,44.316,43.953,68.384,60.554,68.611,67.227,59.914,49.985,40.3,48.189,39.974,42.521,43.865,0.0,0.0,0.0,0.0,0.0,0.0,0.0,0.0,0.0,0.0,0.0,0.0,0.0,0.0,0.0,0.0,0.0,0.0,0.0,0.0,0.0,0.0,0.0,0.0,0.0,0.0,0.0,0.0,0.0,0.0,0.0,0.0,0.0,0.0,0.0,0.0,0.0,0.0,0.0,0.0,0.0,0.0,0.0,0.0,0.0,0.0,0.0,0.0,0.0,0.0,0.0
NATIONAL CITY BANK OF KENTUCKY,2.745,2.683,2.998,2.713,2.947,3.425,8.715,8.726,9.199,8.812,4.106,10.646,6.132,5.937,6.237,8.311,10.585,10.758,9.184,7.725,9.0,7.34,0.0,0.0,0.0,0.0,0.0,0.0,0.0,0.0,0.0,0.0,0.0,0.0,0.0,0.0,0.0,0.0,0.0,0.0,0.0,0.0,0.0,0.0,0.0,0.0,0.0,0.0,0.0,0.0,0.0,0.0,0.0,0.0,0.0,0.0,0.0,0.0,0.0,0.0,0.0,0.0,0.0,0.0,0.0,0.0,0.0,0.0,0.0,0.0,0.0,0.0,0.0
NATIONAL CITY BANK OF MICHIGAN/ILLINOIS,233.342,232.083,241.6,254.192,255.313,277.04,290.969,306.871,314.232,309.803,298.282,281.747,270.557,0.0,0.0,0.0,0.0,0.0,0.0,0.0,0.0,0.0,0.0,0.0,0.0,0.0,0.0,0.0,0.0,0.0,0.0,0.0,0.0,0.0,0.0,0.0,0.0,0.0,0.0,0.0,0.0,0.0,0.0,0.0,0.0,0.0,0.0,0.0,0.0,0.0,0.0,0.0,0.0,0.0,0.0,0.0,0.0,0.0,0.0,0.0,0.0,0.0,0.0,0.0,0.0,0.0,0.0,0.0,0.0,0.0,0.0,0.0,0.0
NATIONAL CITY BANK OF MINNEAPOLIS,6.942,8.917,8.875,0.0,0.0,0.0,0.0,0.0,0.0,0.0,0.0,0.0,0.0,0.0,0.0,0.0,0.0,0.0,0.0,0.0,0.0,0.0,0.0,0.0,0.0,0.0,0.0,0.0,0.0,0.0,0.0,0.0,0.0,0.0,0.0,0.0,0.0,0.0,0.0,0.0,0.0,0.0,0.0,0.0,0.0,0.0,0.0,0.0,0.0,0.0,0.0,0.0,0.0,0.0,0.0,0.0,0.0,0.0,0.0,0.0,0.0,0.0,0.0,0.0,0.0,0.0,0.0,0.0,0.0,0.0,0.0,0.0,0.0
NATIONAL CITY BANK OF PENNSYLVANIA,25.078,24.144,26.513,25.393,21.102,23.192,25.937,18.773,20.611,18.691,16.723,16.908,20.003,22.018,20.48,20.528,25.088,28.077,25.736,25.734,27.19,28.133,0.0,0.0,0.0,0.0,0.0,0.0,0.0,0.0,0.0,0.0,0.0,0.0,0.0,0.0,0.0,0.0,0.0,0.0,0.0,0.0,0.0,0.0,0.0,0.0,0.0,0.0,0.0,0.0,0.0,0.0,0.0,0.0,0.0,0.0,0.0,0.0,0.0,0.0,0.0,0.0,0.0,0.0,0.0,0.0,0.0,0.0,0.0,0.0,0.0,0.0,0.0
NATIONAL CITY BANK OF THE MIDWEST,0.0,0.0,0.0,0.0,0.0,0.0,0.0,0.0,0.0,0.0,0.0,0.0,0.0,261.944,240.294,215.922,160.386,152.49,130.39,126.846,129.387,126.103,0.0,0.0,0.0,0.0,0.0,0.0,0.0,0.0,0.0,0.0,0.0,0.0,0.0,0.0,0.0,0.0,0.0,0.0,0.0,0.0,0.0,0.0,0.0,0.0,0.0,0.0,0.0,0.0,0.0,0.0,0.0,0.0,0.0,0.0,0.0,0.0,0.0,0.0,0.0,0.0,0.0,0.0,0.0,0.0,0.0,0.0,0.0,0.0,0.0,0.0,0.0
NORTH FORK BANK,0.0,0.0,0.0,0.0,0.0,0.0,0.0,0.0,0.0,0.0,0.0,0.0,0.0,0.0,0.0,0.0,0.0,0.0,64.635,64.185,63.683,63.201,244.634,268.004,287.355,474.261,0.0,0.0,0.0,0.0,0.0,0.0,0.0,0.0,0.0,0.0,0.0,0.0,0.0,0.0,0.0,0.0,0.0,0.0,0.0,0.0,0.0,0.0,0.0,0.0,0.0,0.0,0.0,0.0,0.0,0.0,0.0,0.0,0.0,0.0,0.0,0.0,0.0,0.0,0.0,0.0,0.0,0.0,0.0,0.0,0.0,0.0,0.0
NORTHERN TRUST BANK OF FLORIDA N.A.,3.743,3.646,3.643,3.932,4.132,4.08,4.08,6.425,6.425,6.37,6.795,8.434,8.836,9.013,9.006,6.375,6.105,10.575,10.444,10.142,10.0,9.703,0.0,0.0,0.0,0.0,0.0,0.0,0.0,0.0,0.0,0.0,0.0,0.0,0.0,0.0,0.0,0.0,0.0,0.0,0.0,0.0,0.0,0.0,0.0,0.0,0.0,0.0,0.0,0.0,0.0,0.0,0.0,0.0,0.0,0.0,0.0,0.0,0.0,0.0,0.0,0.0,0.0,0.0,0.0,0.0,0.0,0.0,0.0,0.0,0.0,0.0,0.0
"NORTHERN TRUST COMPANY, THE",91.692,91.545,91.859,88.706,94.721,99.296,95.183,131.474,119.026,100.288,98.027,179.485,86.003,85.777,98.97,101.579,95.832,98.315,83.208,77.755,79.892,107.277,104.853,99.219,86.799,86.664,86.064,82.43,78.471,115.285,159.949,144.033,109.906,134.735,136.001,135.113,131.109,152.943,161.438,105.152,101.531,101.816,139.702,149.311,148.96,148.105,145.784,120.481,138.306,153.198,148.568,118.675,116.986,90.947,91.584,78.707,76.449,85.0,84.182,77.143,74.463,74.637,70.596,56.923,64.569,75.356,80.77,49.154,44.29,44.737,44.064,44.723,39.277
"NORTHERN TRUST, NATIONAL ASSOCIATION",0.0,0.0,0.0,0.0,0.0,0.0,0.0,0.0,0.0,0.0,0.0,0.0,0.0,0.0,0.0,0.0,0.0,0.0,0.0,0.0,0.0,0.0,9.561,9.351,9.808,9.228,9.084,8.714,8.651,8.335,5.819,5.419,5.351,5.44,5.873,9.384,19.529,19.275,19.206,19.959,4.632,4.31,14.578,0.0,0.0,0.0,0.0,0.0,0.0,0.0,0.0,0.0,0.0,0.0,0.0,0.0,0.0,0.0,0.0,0.0,0.0,0.0,0.0,0.0,0.0,0.0,0.0,0.0,0.0,0.0,0.0,0.0,0.0
OLD KENT BANK,129.128,0.0,0.0,0.0,0.0,0.0,0.0,0.0,0.0,0.0,0.0,0.0,0.0,0.0,0.0,0.0,0.0,0.0,0.0,0.0,0.0,0.0,0.0,0.0,0.0,0.0,0.0,0.0,0.0,0.0,0.0,0.0,0.0,0.0,0.0,0.0,0.0,0.0,0.0,0.0,0.0,0.0,0.0,0.0,0.0,0.0,0.0,0.0,0.0,0.0,0.0,0.0,0.0,0.0,0.0,0.0,0.0,0.0,0.0,0.0,0.0,0.0,0.0,0.0,0.0,0.0,0.0,0.0,0.0,0.0,0.0,0.0,0.0
OLD NATIONAL BANK,0.0,0.0,0.0,0.0,0.0,0.0,0.0,0.0,0.0,0.0,0.0,0.0,0.0,0.0,0.0,0.0,0.0,80.884,91.333,73.754,83.198,84.276,99.074,95.964,104.82,114.685,124.88,127.41,149.218,190.556,199.059,182.542,175.512,164.898,161.175,156.073,165.225,158.97,163.425,161.533,165.469,161.429,174.506,181.263,177.74,182.426,202.964,238.213,229.17,298.598,308.093,310.829,329.589,328.938,333.417,358.232,359.385,378.497,393.337,393.655,384.869,384.875,392.992,393.503,378.458,376.239,360.26,418.287,413.58,409.56,395.339,485.861,453.212
PEOPLE'S TRUST COMPANY,6.206,6.095,5.605,5.413,4.933,4.819,4.374,0.0,0.0,0.0,0.0,0.0,0.0,0.0,0.0,0.0,0.0,0.0,0.0,0.0,0.0,0.0,0.0,0.0,0.0,0.0,0.0,0.0,0.0,0.0,0.0,0.0,0.0,0.0,0.0,0.0,0.0,0.0,0.0,0.0,0.0,0.0,0.0,0.0,0.0,0.0,0.0,0.0,0.0,0.0,0.0,0.0,0.0,0.0,0.0,0.0,0.0,0.0,0.0,0.0,0.0,0.0,0.0,0.0,0.0,0.0,0.0,0.0,0.0,0.0,0.0,0.0,0.0
PEOPLE'S UNITED BANK,0.0,0.0,0.0,0.0,0.0,0.0,0.0,0.0,0.0,0.0,0.0,0.0,0.0,0.0,0.0,0.0,0.0,0.0,0.0,0.0,0.0,0.0,0.0,0.0,0.0,0.0,0.0,0.0,0.0,0.0,0.0,0.0,0.0,0.0,0.0,0.0,0.0,0.0,0.0,0.0,0.0,0.0,0.0,0.0,155.609,96.633,152.143,141.341,138.798,82.927,134.862,132.604,127.944,80.578,131.48,120.232,0.0,0.0,0.0,0.0,0.0,0.0,0.0,0.0,0.0,0.0,0.0,0.0,0.0,0.0,0.0,0.0,0.0
PLAINSCAPITAL BANK,0.0,0.0,0.0,0.0,0.0,0.0,0.0,0.0,0.0,0.0,0.0,0.0,0.0,0.114,0.0,0.052,0.945,0.311,0.301,6.447,0.265,0.321,0.237,0.355,0.215,0.184,0.528,0.394,0.122,0.0,0.0,0.0,0.0,0.042,0.042,0.0,0.0,0.23,0.057,0.0,0.45,0.795,0.568,0.299,0.0,0.0,0.0,0.0,0.0,0.0,0.0,0.0,0.0,0.0,0.0,0.0,0.0,0.0,0.0,0.0,0.0,0.0,0.0,0.0,0.0,0.0,0.0,0.0,0.0,0.0,0.0,0.0,0.0
"PNC BANK, NATIONAL ASSOCIATION",559.798,539.683,512.155,488.985,506.951,496.056,479.821,427.106,453.257,407.375,406.695,365.929,442.177,460.258,519.247,445.79,500.972,689.813,876.757,946.002,842.254,672.281,672.94,670.482,737.271,752.309,946.685,926.424,983.626,988.668,1086.201,1011.407,1089.395,1059.666,1268.916,1544.164,1764.065,1783.497,2052.281,2771.673,2992.029,3552.308,3873.653,4558.26,6043.34,6772.388,7841.853,9237.308,9749.405,10390.212,10846.652,11493.839,11928.782,12451.715,12717.934,13146.452,12956.233,13355.929,13117.778,12698.683,12412.562,12588.951,12578.392,12736.243,12910.531,13289.869,12930.261,13117.022,13098.043,12458.535,11820.501,11078.792,10971.042
"PROVIDENT BANK, THE",0.336,0.335,0.0,0.0,0.0,0.0,0.0,0.0,0.0,0.0,0.0,0.0,0.0,0.0,0.0,0.0,0.0,0.0,0.0,0.0,0.0,0.0,0.0,0.0,0.0,0.0,0.0,0.0,0.0,0.0,0.0,0.0,0.0,0.0,0.0,0.0,0.0,0.0,0.0,0.0,0.0,0.0,0.0,0.0,0.0,0.0,0.0,0.0,0.0,0.0,0.0,0.0,0.0,0.0,0.0,0.0,0.0,0.0,0.0,0.0,0.0,0.0,0.0,0.0,0.0,0.0,0.0,0.0,0.0,0.0,0.0,0.0,0.0
"RAYMOND JAMES BANK, NATIONAL ASSOCIATION",0.0,0.0,0.0,0.0,0.0,0.0,0.0,0.0,0.0,0.0,0.0,0.0,0.0,0.0,0.0,0.0,0.0,0.0,0.0,0.0,0.0,0.0,0.0,0.0,0.0,0.0,0.0,0.0,0.0,0.0,0.0,0.0,0.0,0.0,0.0,0.0,0.0,0.0,0.0,0.0,0.0,0.0,0.0,0.0,0.0,0.0,0.0,0.0,0.0,0.0,0.0,0.0,0.0,29.686,29.742,61.967,349.773,365.348,464.778,512.171,591.447,682.64,701.219,808.206,802.279,937.586,969.526,1088.966,1127.769,1147.155,1182.337,1245.323,1243.1
RBC BANK (USA),0.0,0.0,0.0,0.0,0.0,0.0,0.0,0.0,0.0,0.0,0.0,0.0,0.0,0.0,0.0,0.0,0.0,0.0,0.0,0.0,0.0,0.0,0.0,0.0,0.0,0.0,0.0,0.0,0.0,848.97,915.547,1035.772,1043.571,977.615,974.628,1026.88,972.503,969.01,998.002,1050.658,1026.446,1109.872,1100.622,1112.179,0.0,0.0,0.0,0.0,0.0,0.0,0.0,0.0,0.0,0.0,0.0,0.0,0.0,0.0,0.0,0.0,0.0,0.0,0.0,0.0,0.0,0.0,0.0,0.0,0.0,0.0,0.0,0.0,0.0
RBC CENTURA BANK,0.0,0.0,0.0,30.755,28.831,23.949,28.35,29.186,48.346,63.384,62.042,83.709,100.151,134.598,160.876,217.716,249.901,321.274,348.24,359.466,364.851,393.134,430.574,479.369,506.482,530.924,546.678,626.369,677.62,0.0,0.0,0.0,0.0,0.0,0.0,0.0,0.0,0.0,0.0,0.0,0.0,0.0,0.0,0.0,0.0,0.0,0.0,0.0,0.0,0.0,0.0,0.0,0.0,0.0,0.0,0.0,0.0,0.0,0.0,0.0,0.0,0.0,0.0,0.0,0.0,0.0,0.0,0.0,0.0,0.0,0.0,0.0,0.0
"RBS CITIZENS, NATIONAL ASSOCIATION",0.0,0.0,0.0,0.0,0.0,0.0,0.0,0.0,0.0,0.0,0.0,0.0,0.0,0.0,0.0,0.0,0.0,0.0,0.0,0.0,0.0,0.0,0.0,0.0,0.0,0.0,180.511,119.338,137.499,152.328,171.746,147.71,169.93,83.963,88.438,75.863,87.673,60.728,75.697,50.688,41.601,50.919,52.035,48.338,45.756,52.301,50.649,37.062,45.778,37.334,30.786,34.792,29.127,0.0,0.0,0.0,0.0,0.0,0.0,0.0,0.0,0.0,0.0,0.0,0.0,0.0,0.0,0.0,0.0,0.0,0.0,0.0,0.0
REGIONS BANK,271.534,256.397,256.42,257.228,258.768,256.308,270.25,267.765,277.151,270.012,251.856,222.524,217.666,217.175,226.098,208.806,187.356,442.4,462.9,425.662,445.777,428.69,415.211,506.778,527.049,592.226,592.181,584.878,434.797,423.294,484.887,554.062,880.264,1013.255,1172.443,1009.18,984.802,902.373,1001.151,1117.547,1158.082,1114.483,1161.4,1167.645,1040.743,1041.482,1030.393,992.638,972.654,934.642,918.721,895.229,847.491,787.031,805.713,1723.305,1795.666,2303.64,2480.736,2672.086,2634.126,3588.175,3590.738,3525.723,3503.913,3785.468,4002.614,4218.142,4346.563,4467.908,4629.29,4777.438,4858.0
RIGGS BANK NATIONAL ASSOCIATION,132.499,131.562,130.653,129.671,128.65,131.135,167.883,165.133,164.135,161.808,168.799,175.203,170.987,160.747,187.048,185.278,184.101,0.0,0.0,0.0,0.0,0.0,0.0,0.0,0.0,0.0,0.0,0.0,0.0,0.0,0.0,0.0,0.0,0.0,0.0,0.0,0.0,0.0,0.0,0.0,0.0,0.0,0.0,0.0,0.0,0.0,0.0,0.0,0.0,0.0,0.0,0.0,0.0,0.0,0.0,0.0,0.0,0.0,0.0,0.0,0.0,0.0,0.0,0.0,0.0,0.0,0.0,0.0,0.0,0.0,0.0,0.0,0.0
"SANTANDER BANK, NATIONAL ASSOCIATION",0.0,0.0,0.0,0.0,0.0,0.0,0.0,0.0,0.0,0.0,0.0,0.0,0.0,0.0,0.0,0.0,0.0,0.0,0.0,0.0,0.0,0.0,0.0,0.0,0.0,0.0,0.0,0.0,0.0,0.0,0.0,0.0,0.0,0.0,0.0,0.0,0.0,0.0,0.0,0.0,0.0,0.0,0.0,0.0,0.0,0.0,0.0,0.0,0.0,0.0,0.0,14.442,14.227,14.056,13.438,4.566,4.4,1.496,1.367,5.915,425.074,500.311,556.092,577.578,567.835,593.793,604.434,648.552,660.985,679.575,683.821,736.276,707.01
SANWA BANK CALIFORNIA,22.029,23.366,0.0,0.0,0.0,0.0,0.0,0.0,0.0,0.0,0.0,0.0,0.0,0.0,0.0,0.0,0.0,0.0,0.0,0.0,0.0,0.0,0.0,0.0,0.0,0.0,0.0,0.0,0.0,0.0,0.0,0.0,0.0,0.0,0.0,0.0,0.0,0.0,0.0,0.0,0.0,0.0,0.0,0.0,0.0,0.0,0.0,0.0,0.0,0.0,0.0,0.0,0.0,0.0,0.0,0.0,0.0,0.0,0.0,0.0,0.0,0.0,0.0,0.0,0.0,0.0,0.0,0.0,0.0,0.0,0.0,0.0,0.0
SOUTHTRUST BANK,64.45,64.861,73.85,80.714,74.992,74.204,77.965,68.999,56.101,56.802,50.066,37.66,24.414,33.885,33.952,29.986,0.0,0.0,0.0,0.0,0.0,0.0,0.0,0.0,0.0,0.0,0.0,0.0,0.0,0.0,0.0,0.0,0.0,0.0,0.0,0.0,0.0,0.0,0.0,0.0,0.0,0.0,0.0,0.0,0.0,0.0,0.0,0.0,0.0,0.0,0.0,0.0,0.0,0.0,0.0,0.0,0.0,0.0,0.0,0.0,0.0,0.0,0.0,0.0,0.0,0.0,0.0,0.0,0.0,0.0,0.0,0.0,0.0
"SOUTHWEST BANK OF TEXAS, N.A.",0.0,0.0,8.405,20.716,21.058,22.483,23.337,31.257,34.097,30.108,19.963,26.304,33.575,37.963,37.419,40.75,0.0,0.0,0.0,0.0,0.0,0.0,0.0,0.0,0.0,0.0,0.0,0.0,0.0,0.0,0.0,0.0,0.0,0.0,0.0,0.0,0.0,0.0,0.0,0.0,0.0,0.0,0.0,0.0,0.0,0.0,0.0,0.0,0.0,0.0,0.0,0.0,0.0,0.0,0.0,0.0,0.0,0.0,0.0,0.0,0.0,0.0,0.0,0.0,0.0,0.0,0.0,0.0,0.0,0.0,0.0,0.0,0.0
"SOVEREIGN BANK, NATIONAL ASSOCIATION",0.0,0.0,0.0,0.0,0.0,0.0,0.0,0.0,0.0,0.0,0.0,0.0,0.0,0.0,0.0,0.0,0.0,0.0,0.0,0.0,0.0,0.0,0.0,0.0,0.0,0.0,0.0,0.0,0.0,0.0,0.0,0.0,0.0,0.0,0.0,0.0,0.0,0.0,0.0,0.0,0.0,0.0,0.0,0.0,27.986,15.187,14.979,14.7,15.146,14.976,14.568,0.0,0.0,0.0,0.0,0.0,0.0,0.0,0.0,0.0,0.0,0.0,0.0,0.0,0.0,0.0,0.0,0.0,0.0,0.0,0.0,0.0,0.0
STANDARD FEDERAL BANK NATIONAL ASSOCIATION,0.0,0.0,0.0,11.077,10.697,10.234,9.732,8.695,7.938,7.535,7.07,6.663,6.455,6.034,5.67,4.97,4.506,3.704,0.0,0.0,0.0,0.0,0.0,0.0,0.0,0.0,0.0,0.0,0.0,0.0,0.0,0.0,0.0,0.0,0.0,0.0,0.0,0.0,0.0,0.0,0.0,0.0,0.0,0.0,0.0,0.0,0.0,0.0,0.0,0.0,0.0,0.0,0.0,0.0,0.0,0.0,0.0,0.0,0.0,0.0,0.0,0.0,0.0,0.0,0.0,0.0,0.0,0.0,0.0,0.0,0.0,0.0,0.0
STATE STREET BANK AND TRUST COMPANY,0.0,0.0,0.0,0.0,0.0,0.0,0.0,0.0,0.0,0.0,0.0,0.0,0.0,0.0,0.0,0.0,0.0,0.0,0.0,0.0,0.0,0.0,0.0,0.0,0.0,0.0,0.0,0.0,0.0,0.0,0.0,0.0,0.0,0.0,0.0,0.0,0.0,0.0,0.0,0.0,0.0,0.0,0.0,4.22,89.744,0.05,3.768,14.711,32.174,4.23,3.146,0.237,4.731,233.604,5.471,58.495,60.596,202.039,477.199,962.35,979.504,1193.896,1205.773,1352.653,1660.604,1927.998,1970.19,2119.106,2040.83,1807.693,975.85,926.186,977.0
STERLING BANK,0.0,0.0,0.0,0.0,0.0,0.0,0.0,0.0,0.0,0.0,0.0,0.0,0.0,0.0,0.0,0.0,0.0,0.0,0.0,0.0,0.0,0.0,0.0,0.0,0.0,0.0,0.0,0.0,0.0,4.503,4.508,5.037,5.129,5.424,4.968,4.859,4.551,0.075,0.075,0.075,0.0,0.0,0.0,0.0,0.0,0.0,0.0,0.0,0.0,0.0,0.0,0.0,0.0,0.0,0.0,0.0,0.0,0.0,0.0,0.0,0.0,0.0,0.0,0.0,0.0,0.0,0.0,0.0,0.0,0.0,0.0,0.0,0.0
SUNTRUST BANK,1112.58,1096.091,1160.797,1198.992,1226.885,1258.677,1316.741,1425.54,1497.262,1698.262,1844.658,1881.828,1972.244,2004.084,2037.144,2214.667,2250.431,2250.852,2193.137,2200.089,2222.376,2245.585,2326.416,2410.133,2410.769,2343.506,2309.879,2194.484,2285.549,2258.988,2337.454,2343.194,2424.391,2633.673,2796.378,3112.078,3083.945,2906.345,2821.949,2745.165,2644.112,2781.361,3065.575,3178.226,3057.984,3090.13,3036.568,3098.429,3106.105,3316.328,3730.059,4073.992,3986.461,4034.287,4238.29,4162.557,4288.9,4245.35,4291.077,4132.215,3963.776,3822.2,3728.8,3562.761,3611.744,3569.159,3545.044,3456.696,3473.553,3450.372,3438.806,3669.387,3586.121
SYNOVUS BANK,0.0,0.0,0.0,0.0,0.0,0.0,0.0,0.0,0.0,0.0,0.0,0.0,0.0,0.0,0.0,0.0,0.0,0.0,0.0,0.0,0.0,0.0,0.0,0.0,0.0,0.0,0.0,0.0,0.0,0.0,0.0,0.0,0.0,0.0,0.0,0.0,0.0,182.209,110.583,136.463,138.859,142.863,139.233,138.775,138.595,136.473,154.631,155.303,0.0,0.0,0.0,0.0,0.0,0.0,0.0,0.0,0.0,0.0,0.0,0.0,0.0,0.0,0.0,0.0,0.0,0.0,0.0,0.0,0.0,0.0,0.0,0.0,0.0
TCF NATIONAL BANK,0.0,0.0,0.0,0.0,0.0,0.0,0.0,0.0,0.0,0.0,0.0,0.0,0.0,0.0,0.0,0.0,0.0,0.0,0.0,0.0,0.0,0.0,0.0,0.0,0.0,0.0,0.0,0.0,0.0,0.0,0.0,30.297,29.05,29.467,29.088,50.966,50.297,77.549,77.401,83.111,85.41,99.889,103.751,104.076,105.177,102.831,125.756,131.701,149.315,149.086,139.767,153.878,157.529,145.002,146.027,145.897,146.738,144.819,144.55,160.428,195.348,194.139,216.73,216.076,235.621,255.125,279.404,245.326,359.096,362.284,354.836,356.173,357.116
"TD BANK, N.A.",0.0,0.0,0.0,0.0,0.0,0.0,0.0,0.0,0.0,0.0,0.0,0.0,0.0,0.0,0.0,0.0,0.0,0.0,0.0,0.0,0.0,0.0,0.0,0.0,0.0,0.0,0.0,0.0,0.0,1020.8,1042.202,1173.73,1201.103,1259.075,1514.115,1669.158,1549.25,2024.179,2152.975,2567.644,2745.605,2794.148,3091.902,3377.163,3562.63,4116.801,4719.589,5096.246,5295.991,5929.844,6251.379,7137.932,7314.434,8045.169,8797.963,9413.664,9651.333,10506.366,10862.963,11617.602,11791.016,12442.865,12219.204,12827.134,0.0,0.0,0.0,0.0,14929.816,14488.088,14421.547,14469.528,14458.168
"TD BANKNORTH, NATIONAL ASSOCIATION",0.0,0.0,0.0,0.0,0.0,0.0,0.0,0.0,0.0,0.0,0.0,0.0,0.0,0.0,0.0,0.0,0.0,0.0,0.0,0.0,0.0,369.62,416.971,401.668,415.092,402.576,394.19,411.357,411.976,0.0,0.0,0.0,0.0,0.0,0.0,0.0,0.0,0.0,0.0,0.0,0.0,0.0,0.0,0.0,0.0,0.0,0.0,0.0,0.0,0.0,0.0,0.0,0.0,0.0,0.0,0.0,0.0,0.0,0.0,0.0,0.0,0.0,0.0,0.0,0.0,0.0,0.0,0.0,0.0,0.0,0.0,0.0,0.0
TRUSTMARK NATIONAL BANK,0.0,0.0,0.0,0.0,0.0,0.0,0.0,0.0,0.0,0.0,0.0,0.0,0.0,0.0,0.0,0.0,0.0,0.0,0.0,0.0,0.0,0.0,206.354,211.373,230.23,204.922,210.416,227.821,234.089,229.098,235.745,269.389,267.468,242.453,259.085,324.146,314.188,317.739,305.401,338.613,345.845,353.557,361.528,378.839,376.903,397.635,397.898,441.933,440.814,453.705,468.752,500.821,0.0,0.0,0.0,0.0,0.0,0.0,0.0,0.0,0.0,0.0,0.0,0.0,0.0,0.0,0.0,0.0,0.0,0.0,0.0,0.0,0.0
U.S. BANK NATIONAL ASSOCIATION,964.898,973.536,1436.737,1302.937,1287.519,1412.77,1628.693,1427.32,1508.744,1601.33,1861.502,1672.717,1764.264,1801.015,2017.599,1933.266,1954.285,2105.8,2455.847,2263.708,2295.538,2413.124,2737.147,2717.943,2717.396,3015.54,3150.503,3070.438,3116.176,3280.594,3612.389,3736.258,3714.052,3627.886,3909.708,3813.505,3892.354,4070.73,4597.441,4965.445,5308.361,5771.995,6170.265,6741.966,7114.504,7781.34,8415.828,9126.367,8940.598,9437.013,9955.621,10077.271,10502.487,10752.591,10838.398,10343.428,10526.489,10525.217,10921.121,11124.448,11534.466,11543.768,11654.657,11915.645,12306.237,12156.15,12173.489,12383.267,12136.023,11857.838,11475.295,10854.49,10580.191
U.S. CENTURY BANK,0.0,0.0,0.0,0.0,0.0,0.0,0.0,0.0,0.0,0.0,0.0,0.0,0.0,0.0,0.0,0.0,0.0,0.0,0.0,0.0,0.0,0.0,0.0,0.0,0.0,0.0,0.0,0.0,0.0,0.0,0.0,0.0,2.234,2.189,2.143,2.097,2.049,2.002,1.954,1.906,1.856,1.807,1.757,1.707,1.655,1.604,1.552,1.499,1.445,1.392,1.337,1.282,1.226,1.17,1.113,1.055,0.997,0.938,0.879,0.819,0.758,0.697,0.635,0.572,0.508,0.444,0.379,0.314,0.248,0.181,0.113,0.045,0.0
UNION BANK AND TRUST COMPANY OF INDIANA,1.602,1.624,1.555,1.524,1.424,1.418,1.418,0.0,0.0,0.0,0.0,0.0,0.0,0.0,0.0,0.0,0.0,0.0,0.0,0.0,0.0,0.0,0.0,0.0,0.0,0.0,0.0,0.0,0.0,0.0,0.0,0.0,0.0,0.0,0.0,0.0,0.0,0.0,0.0,0.0,0.0,0.0,0.0,0.0,0.0,0.0,0.0,0.0,0.0,0.0,0.0,0.0,0.0,0.0,0.0,0.0,0.0,0.0,0.0,0.0,0.0,0.0,0.0,0.0,0.0,0.0,0.0,0.0,0.0,0.0,0.0,0.0,0.0
"UNION BANK OF CALIFORNIA, NATIONAL ASSOCIATION",22.561,26.619,25.686,23.712,25.443,17.725,18.544,12.99,9.82,18.382,35.889,36.286,35.21,35.038,40.11,87.155,43.595,46.16,51.58,54.184,49.033,42.86,17.192,17.629,32.887,13.853,74.308,106.42,153.517,174.419,237.603,0.0,0.0,0.0,0.0,0.0,0.0,0.0,0.0,0.0,0.0,0.0,0.0,0.0,0.0,0.0,0.0,0.0,0.0,0.0,0.0,0.0,0.0,0.0,0.0,0.0,0.0,0.0,0.0,0.0,0.0,0.0,0.0,0.0,0.0,0.0,0.0,0.0,0.0,0.0,0.0,0.0,0.0
"UNION BANK, NATIONAL ASSOCIATION",0.0,0.0,0.0,0.0,0.0,0.0,0.0,0.0,0.0,0.0,0.0,0.0,0.0,0.0,0.0,0.0,0.0,0.0,0.0,0.0,0.0,0.0,0.0,0.0,0.0,0.0,0.0,0.0,0.0,0.0,0.0,226.138,349.856,371.199,357.127,343.897,342.192,331.57,333.85,375.962,363.704,374.901,642.401,644.195,441.148,262.901,232.84,266.177,297.286,239.462,218.601,208.092,204.937,223.236,0.0,0.0,0.0,0.0,0.0,0.0,0.0,0.0,0.0,0.0,0.0,0.0,0.0,0.0,0.0,0.0,0.0,0.0,0.0
"UNION PLANTERS BANK, NATIONAL ASSOCIATION",174.733,160.781,159.857,148.704,147.1,154.837,151.641,142.216,156.227,172.05,179.712,179.547,208.618,227.794,232.425,209.685,240.05,0.0,0.0,0.0,0.0,0.0,0.0,0.0,0.0,0.0,0.0,0.0,0.0,0.0,0.0,0.0,0.0,0.0,0.0,0.0,0.0,0.0,0.0,0.0,0.0,0.0,0.0,0.0,0.0,0.0,0.0,0.0,0.0,0.0,0.0,0.0,0.0,0.0,0.0,0.0,0.0,0.0,0.0,0.0,0.0,0.0,0.0,0.0,0.0,0.0,0.0,0.0,0.0,0.0,0.0,0.0,0.0
UNITED CALIFORNIA BANK,0.0,0.0,23.389,20.264,21.184,0.0,0.0,0.0,0.0,0.0,0.0,0.0,0.0,0.0,0.0,0.0,0.0,0.0,0.0,0.0,0.0,0.0,0.0,0.0,0.0,0.0,0.0,0.0,0.0,0.0,0.0,0.0,0.0,0.0,0.0,0.0,0.0,0.0,0.0,0.0,0.0,0.0,0.0,0.0,0.0,0.0,0.0,0.0,0.0,0.0,0.0,0.0,0.0,0.0,0.0,0.0,0.0,0.0,0.0,0.0,0.0,0.0,0.0,0.0,0.0,0.0,0.0,0.0,0.0,0.0,0.0,0.0,0.0
UNITED COMMUNITY BANK,0.0,0.0,0.0,0.0,0.0,0.0,0.0,0.0,0.0,0.0,0.0,0.0,0.0,0.0,0.0,0.0,0.0,0.0,0.0,0.0,0.0,0.0,0.0,0.0,0.0,0.0,0.0,0.0,0.0,0.0,0.0,0.0,0.0,0.0,0.0,0.0,0.0,0.0,0.0,0.0,0.0,0.0,0.0,0.0,0.0,0.0,0.0,0.0,0.0,0.0,0.0,0.0,0.0,0.0,0.0,0.0,0.0,0.0,0.0,0.0,0.0,0.0,0.0,0.0,0.0,0.0,0.0,0.0,0.0,0.0,27.328,27.038,26.102
VALLEY NATIONAL BANK,13.316,10.127,9.895,9.217,8.904,8.627,8.427,8.206,0.0,0.0,0.0,0.0,0.0,0.0,0.0,0.0,0.0,0.0,0.0,0.0,0.0,0.0,0.0,0.0,0.0,0.0,0.0,0.0,0.0,0.0,0.0,0.0,0.0,0.0,0.0,0.0,0.0,0.0,0.0,0.0,0.0,0.0,0.0,0.0,0.0,0.0,0.0,0.0,0.0,0.0,0.0,0.0,0.0,0.0,0.0,0.0,0.0,0.0,0.0,0.0,0.0,0.0,0.0,0.0,0.0,0.0,0.0,0.0,0.0,0.0,0.0,0.0,0.0
"VECTRA BANK COLORADO, NATIONAL ASSOCIATION",0.0,0.0,0.0,0.0,0.0,0.0,0.0,0.0,0.0,0.0,0.0,0.0,0.0,0.0,0.0,0.0,0.0,0.0,0.0,0.0,0.0,0.0,0.0,0.0,0.0,0.0,0.0,0.0,0.0,28.789,31.214,48.464,48.409,79.463,79.308,78.461,42.817,41.773,41.348,50.209,52.716,61.957,67.005,66.267,0.0,0.0,0.0,0.0,0.0,0.0,0.0,0.0,0.0,0.0,0.0,0.0,0.0,0.0,0.0,0.0,0.0,0.0,0.0,0.0,0.0,0.0,0.0,0.0,0.0,0.0,0.0,0.0,0.0
"WACHOVIA BANK, NATIONAL ASSOCIATION",360.929,358.983,376.199,362.202,355.908,2001.0,1979.0,1878.0,1909.0,1925.0,1966.0,2169.0,2061.0,1991.0,1997.0,1951.0,1905.0,1886.0,2105.0,2198.0,2166.0,1975.0,1952.0,1979.0,2001.0,2012.0,2057.0,2012.0,2251.0,2286.0,2599.0,2645.0,2706.0,2990.0,3103.0,2948.0,0.0,0.0,0.0,0.0,0.0,0.0,0.0,0.0,0.0,0.0,0.0,0.0,0.0,0.0,0.0,0.0,0.0,0.0,0.0,0.0,0.0,0.0,0.0,0.0,0.0,0.0,0.0,0.0,0.0,0.0,0.0,0.0,0.0,0.0,0.0,0.0,0.0
WASHINGTON MUTUAL BANK,0.0,0.0,0.0,0.0,14.0,13.0,13.0,12.0,12.0,10.0,0.0,16.0,21.0,21.0,21.0,0.0,0.0,0.0,0.0,0.0,0.0,0.0,0.0,0.0,0.0,0.0,0.0,0.0,0.0,0.0,0.0,0.0,0.0,0.0,0.0,0.0,0.0,0.0,0.0,0.0,0.0,0.0,0.0,0.0,0.0,0.0,0.0,0.0,0.0,0.0,0.0,0.0,0.0,0.0,0.0,0.0,0.0,0.0,0.0,0.0,0.0,0.0,0.0,0.0,0.0,0.0,0.0,0.0,0.0,0.0,0.0,0.0,0.0
"WEBSTER BANK, NATIONAL ASSOCIATION",0.0,0.0,0.0,0.0,0.0,0.0,0.0,0.0,0.0,0.0,0.0,0.0,0.0,0.0,0.0,0.0,0.0,0.0,0.0,0.0,0.0,0.0,0.0,0.0,0.0,2.479,2.419,2.421,2.345,2.572,2.48,2.428,2.636,2.52,2.429,2.338,2.227,1.906,2.848,1.595,1.513,1.391,1.308,1.214,1.137,1.081,41.311,65.563,83.338,90.516,69.818,118.977,124.131,122.306,83.797,76.284,67.263,71.519,94.923,101.475,103.202,121.924,153.443,176.333,148.434,156.355,215.764,240.63,283.038,266.517,210.639,215.584,184.591
"WELLS FARGO BANK ARIZONA, NATIONAL ASSOCIATION",13.749,16.671,19.191,15.718,0.0,0.0,0.0,0.0,0.0,0.0,0.0,0.0,0.0,0.0,0.0,0.0,0.0,0.0,0.0,0.0,0.0,0.0,0.0,0.0,0.0,0.0,0.0,0.0,0.0,0.0,0.0,0.0,0.0,0.0,0.0,0.0,0.0,0.0,0.0,0.0,0.0,0.0,0.0,0.0,0.0,0.0,0.0,0.0,0.0,0.0,0.0,0.0,0.0,0.0,0.0,0.0,0.0,0.0,0.0,0.0,0.0,0.0,0.0,0.0,0.0,0.0,0.0,0.0,0.0,0.0,0.0,0.0,0.0
"WELLS FARGO BANK MINNESOTA, NATIONAL ASSOCIATION",22.393,25.015,23.732,22.218,25.453,27.345,28.989,28.443,28.993,32.061,30.948,27.365,0.0,0.0,0.0,0.0,0.0,0.0,0.0,0.0,0.0,0.0,0.0,0.0,0.0,0.0,0.0,0.0,0.0,0.0,0.0,0.0,0.0,0.0,0.0,0.0,0.0,0.0,0.0,0.0,0.0,0.0,0.0,0.0,0.0,0.0,0.0,0.0,0.0,0.0,0.0,0.0,0.0,0.0,0.0,0.0,0.0,0.0,0.0,0.0,0.0,0.0,0.0,0.0,0.0,0.0,0.0,0.0,0.0,0.0,0.0,0.0,0.0
"WELLS FARGO BANK NEVADA, NATIONAL ASSOCIATION",0.0,0.0,0.0,0.0,0.0,0.0,0.0,0.0,0.0,2.925,3.239,2.98,0.0,0.0,0.0,0.0,0.0,0.0,0.0,0.0,0.0,0.0,0.0,0.0,0.0,0.0,0.0,0.0,0.0,0.0,0.0,0.0,0.0,0.0,0.0,0.0,0.0,0.0,0.0,0.0,0.0,0.0,0.0,0.0,0.0,0.0,0.0,0.0,0.0,0.0,0.0,0.0,0.0,0.0,0.0,0.0,0.0,0.0,0.0,0.0,0.0,0.0,0.0,0.0,0.0,0.0,0.0,0.0,0.0,0.0,0.0,0.0,0.0
"WELLS FARGO BANK NEW MEXICO, NATIONAL ASSOCIATION",5.18,4.471,4.765,3.279,0.0,0.0,0.0,0.0,0.0,0.0,0.0,0.0,0.0,0.0,0.0,0.0,0.0,0.0,0.0,0.0,0.0,0.0,0.0,0.0,0.0,0.0,0.0,0.0,0.0,0.0,0.0,0.0,0.0,0.0,0.0,0.0,0.0,0.0,0.0,0.0,0.0,0.0,0.0,0.0,0.0,0.0,0.0,0.0,0.0,0.0,0.0,0.0,0.0,0.0,0.0,0.0,0.0,0.0,0.0,0.0,0.0,0.0,0.0,0.0,0.0,0.0,0.0,0.0,0.0,0.0,0.0,0.0,0.0
"WELLS FARGO BANK NORTHWEST, NATIONAL ASSOCIATION",0.0,5.098,1.422,1.299,1.501,1.713,2.345,7.018,6.501,7.431,9.013,6.459,0.0,0.0,0.0,0.0,0.0,0.0,0.0,0.0,0.0,0.0,0.0,0.0,0.0,0.0,0.0,0.0,0.0,0.0,0.0,0.0,0.0,0.0,0.0,0.0,0.0,0.0,0.0,0.0,0.0,0.0,0.0,0.0,0.0,0.0,0.0,0.0,0.0,0.0,0.0,0.0,0.0,0.0,0.0,0.0,0.0,0.0,0.0,0.0,0.0,0.0,0.0,0.0,0.0,0.0,0.0,0.0,0.0,0.0,0.0,0.0,0.0
"WELLS FARGO BANK TEXAS, NATIONAL ASSOCIATION",36.649,34.715,34.251,32.353,0.0,0.0,0.0,0.0,0.0,0.0,0.0,0.0,0.0,0.0,0.0,0.0,0.0,0.0,0.0,0.0,0.0,0.0,0.0,0.0,0.0,0.0,0.0,0.0,0.0,0.0,0.0,0.0,0.0,0.0,0.0,0.0,0.0,0.0,0.0,0.0,0.0,0.0,0.0,0.0,0.0,0.0,0.0,0.0,0.0,0.0,0.0,0.0,0.0,0.0,0.0,0.0,0.0,0.0,0.0,0.0,0.0,0.0,0.0,0.0,0.0,0.0,0.0,0.0,0.0,0.0,0.0,0.0,0.0
"WELLS FARGO BANK WEST, NATIONAL ASSOCIATION",31.21,29.837,21.589,19.759,24.39,22.704,22.757,21.554,20.841,20.297,22.309,0.0,0.0,0.0,0.0,0.0,0.0,0.0,0.0,0.0,0.0,0.0,0.0,0.0,0.0,0.0,0.0,0.0,0.0,0.0,0.0,0.0,0.0,0.0,0.0,0.0,0.0,0.0,0.0,0.0,0.0,0.0,0.0,0.0,0.0,0.0,0.0,0.0,0.0,0.0,0.0,0.0,0.0,0.0,0.0,0.0,0.0,0.0,0.0,0.0,0.0,0.0,0.0,0.0,0.0,0.0,0.0,0.0,0.0,0.0,0.0,0.0,0.0
"WELLS FARGO BANK, NATIONAL ASSOCIATION",131.0,122.0,147.0,134.0,134.0,127.0,170.0,167.0,241.0,192.0,132.0,227.0,330.0,361.0,483.0,576.0,563.0,552.0,623.0,689.0,696.0,729.0,766.0,817.0,820.0,825.0,867.0,1008.0,1129.0,1169.0,1117.0,1295.0,1251.0,1353.0,1344.0,1369.0,2794.0,3437.0,3506.0,4023.0,4694.0,5309.0,6472.0,3393.0,2901.0,2957.0,4203.0,6187.0,6684.0,6775.0,7831.0,8999.0,9910.0,11691.0,12545.0,13988.0,14404.0,15373.0,16046.0,16669.0,17232.0,16913.0,17472.0,18053.0,17622.0,18194.0,18393.0,19172.0,19090.0,18903.0,19242.0,18579.0,18775.0
WHITNEY BANK,0.0,0.0,0.0,0.0,0.0,0.0,0.0,0.0,0.0,0.0,0.0,0.0,0.0,0.0,0.0,0.0,0.0,0.0,0.0,0.0,0.0,0.0,0.0,0.0,0.0,0.0,0.0,0.0,0.0,0.0,0.0,0.0,0.0,0.0,0.0,0.0,0.0,0.0,0.0,0.0,0.0,176.912,172.726,168.39,163.039,184.934,188.296,203.578,182.516,206.91,214.436,217.637,0.0,648.479,705.163,783.372,791.582,868.056,1009.939,1221.007,0.0,0.0,0.0,0.0,0.0,0.0,0.0,0.0,0.0,0.0,0.0,0.0,0.0
WHITNEY NATIONAL BANK,46.471,53.428,49.707,46.138,46.418,48.771,40.322,37.159,31.668,23.837,22.083,20.555,18.767,16.587,16.838,15.514,16.733,23.794,31.199,36.05,38.323,38.301,38.746,35.087,37.368,34.734,34.659,6.039,10.495,15.04,16.066,13.18,13.683,17.22,18.999,11.585,16.919,18.148,17.595,15.46,12.675,0.0,0.0,0.0,0.0,0.0,0.0,0.0,0.0,0.0,0.0,0.0,0.0,0.0,0.0,0.0,0.0,0.0,0.0,0.0,0.0,0.0,0.0,0.0,0.0,0.0,0.0,0.0,0.0,0.0,0.0,0.0,0.0
WILMINGTON TRUST COMPANY,120.768,129.981,110.097,101.47,99.429,95.114,69.145,65.311,62.653,52.787,48.185,46.301,40.717,42.413,42.256,37.545,38.628,36.243,35.103,32.217,31.199,29.918,29.284,27.794,26.731,25.296,24.385,23.654,22.837,22.582,23.332,23.798,0.0,0.0,0.0,0.0,0.0,0.0,0.0,0.0,0.0,0.0,0.0,0.0,0.0,0.0,0.0,0.0,0.0,0.0,0.0,0.0,0.0,0.0,0.0,0.0,0.0,0.0,0.0,0.0,0.0,0.0,0.0,0.0,0.0,0.0,0.0,0.0,0.0,0.0,0.0,0.0,0.0
"ZB, NATIONAL ASSOCIATION",0.0,0.0,0.0,0.0,0.0,0.0,0.0,0.0,0.0,0.0,0.0,0.0,0.0,0.0,0.0,0.0,0.0,0.0,0.0,0.0,0.0,0.0,0.0,0.0,0.0,0.0,0.0,0.0,0.0,0.0,0.0,0.0,0.0,0.0,0.0,0.0,0.0,0.0,0.0,0.0,0.0,0.0,0.0,0.0,0.0,0.0,0.0,0.0,0.0,0.0,0.0,0.0,0.0,0.0,0.0,0.0,0.0,0.0,0.0,0.0,693.747,754.58,761.304,778.336,0.0,0.0,0.0,0.0,0.0,0.0,0.0,0.0,0.0
ZIONS FIRST NATIONAL BANK,144.773,189.157,177.844,191.063,176.382,170.096,186.677,205.867,196.225,201.334,204.865,202.841,191.2,165.484,160.274,155.416,158.189,155.605,152.963,153.154,132.891,122.869,128.448,127.646,124.449,119.31,117.134,110.829,109.379,101.299,102.745,106.48,110.979,112.145,134.359,145.459,171.523,176.557,186.275,259.009,248.6,252.299,246.186,226.942,208.18,202.225,197.515,185.051,181.919,161.454,159.15,157.507,152.847,150.327,150.752,151.624,0.0,0.0,0.0,674.181,0.0,0.0,0.0,0.0,0.0,0.0,0.0,0.0,0.0,0.0,0.0,0.0,0.0
